strategy,timeframe,rank,total_trades,win_rate,profit_factor,expectancy,max_drawdown,gross_pnl,net_pnl,lookback,rsi_threshold,distance_from_ema20,volume_ratio,bb_std_multiplier,take_profit_pct,stop_loss_pct,max_holding_candles,min_quality_score,min_body_to_range,min_close_location,min_range_expansion,min_atr_expansion,min_ema20_slope_pct,min_ema_alignment_strength,min_breakout_distance_pct
donchian_breakout,15m,1,990,0.43333333333333335,0.8577145254059394,-0.05263473349746751,59.250145015342426,27.10245481943493,-52.108386162492835,3,,,0.4,,0.012,0.008,24,5,0.6,0.7,1.25,0.9,0.0,0.0,0.0005
donchian_breakout,15m,2,1066,0.42964352720450283,0.8376879337038081,-0.06011850942486594,69.93567059575739,21.202149813018103,-64.08633104690709,3,,,0.4,,0.012,0.008,24,5,0.6,0.7,1.25,0.9,0.0,0.0,0.0
donchian_breakout,15m,3,941,0.4218916046758767,0.8324577437816099,-0.06285101971127205,65.16504840115655,16.143647910857336,-59.142809548307,3,,,0.4,,0.012,0.008,24,5,0.6,0.7,1.25,1.0,0.0,0.0,0.0005
donchian_breakout,15m,4,1008,0.42063492063492064,0.8298278123934905,-0.06351928963585032,69.72496512765562,16.619203728554297,-64.02744395293712,3,,,0.4,,0.012,0.008,24,5,0.6,0.7,1.25,1.0,0.0,0.0,0.0
donchian_breakout,15m,5,910,0.42527472527472526,0.8245084915898122,-0.06596833382187753,67.49042549564378,12.773925792408402,-60.03118377790855,3,,,0.4,,0.012,0.008,24,5,0.6,0.85,1.25,0.9,0.0,0.0,0.0005
donchian_breakout,15m,6,1068,0.43164794007490637,0.8223469289686061,-0.06630997324908468,75.71046089098323,14.626799289693425,-70.81905143002244,3,,,0.4,,0.012,0.008,24,5,0.6,0.7,1.0,0.9,0.0,0.0,0.0005
donchian_breakout,15m,7,943,0.4241781548250265,0.8200228351750158,-0.06837513296862566,67.52853902482344,10.966636265092026,-64.477750389414,3,,,0.4,,0.012,0.008,24,5,0.6,0.85,1.0,1.0,0.0,0.0,0.0005
donchian_breakout,15m,8,852,0.4166666666666667,0.8156890612109092,-0.06993577083174217,65.10407284893265,8.578154513160923,-59.58527674864433,3,,,0.4,,0.012,0.008,24,5,0.6,0.85,1.25,1.0,0.0,0.0,0.0005
donchian_breakout,15m,9,980,0.4193877551020408,0.8137351090238548,-0.0701723571597707,73.66988687712026,9.63494396100911,-68.76891001657529,3,,,0.4,,0.012,0.008,24,5,0.6,0.85,1.25,0.9,0.0,0.0,0.0
donchian_breakout,15m,10,1011,0.41740850642927796,0.8099578018770607,-0.07202605669194392,75.56889357496836,8.064882637499679,-72.81834331555531,3,,,0.4,,0.012,0.008,24,5,0.6,0.85,1.0,1.0,0.0,0.0,0.0
donchian_breakout,15m,11,1037,0.42430086788813887,0.8092457584623155,-0.07204157791431114,77.11534842023455,8.256186177330278,-74.70711629714064,3,,,0.4,,0.012,0.008,24,5,0.6,0.7,1.0,1.0,0.0,0.0,0.0005
donchian_breakout,15m,12,1102,0.4246823956442831,0.8073815239759771,-0.07225079010008721,81.22552533700825,8.543046528315204,-79.62037069029611,3,,,0.4,,0.012,0.008,24,5,0.6,0.7,1.0,1.0,0.0,0.0,0.0
donchian_breakout,15m,13,916,0.41375545851528384,0.8072164044825387,-0.07319383803413998,71.12560688237025,6.236939136382323,-67.04555563927222,3,,,0.4,,0.012,0.008,24,5,0.6,0.85,1.25,1.0,0.0,0.0,0.0
donchian_breakout,15m,14,1057,0.4219489120151372,0.8061046507375358,-0.07364248056738203,86.34551815043923,6.722587075107224,-77.8401019597228,3,,,0.4,,0.012,0.008,24,5,0.4,0.7,1.25,0.9,0.0,0.0,0.0005
donchian_breakout,15m,15,1134,0.42328042328042326,0.8051809537607917,-0.07361534363003006,88.90490888809151,7.243097562570936,-83.47979967645408,3,,,0.4,,0.012,0.008,24,5,0.4,0.7,1.25,0.9,0.0,0.0,0.0
donchian_breakout,15m,16,1143,0.4251968503937008,0.8021961581723038,-0.07420957568930883,87.45432471126502,6.621103428491388,-84.82154501288,3,,,0.4,,0.012,0.008,24,5,0.6,0.7,1.0,0.9,0.0,0.0,0.0
donchian_breakout,15m,17,992,0.4264112903225806,0.8021946347579592,-0.07559215517991359,76.81383803728116,4.3743317942434015,-74.98741793847428,3,,,0.4,,0.012,0.008,24,5,0.6,0.85,1.0,0.9,0.0,0.0,0.0005
donchian_breakout,15m,18,1067,0.4217432052483599,0.8019293954469188,-0.07521609383492477,82.12340284234338,5.106470466321783,-80.25557212186473,3,,,0.4,,0.012,0.008,24,5,0.6,0.85,1.0,0.9,0.0,0.0,0.0
donchian_breakout,15m,19,1235,0.4242914979757085,0.8008072149965785,-0.07504123937131915,98.08980362580947,6.126519984414603,-92.67593062357915,3,,,0.4,,0.012,0.008,24,4,0.6,0.85,1.25,0.9,0.0,0.0,0.0
donchian_breakout,15m,20,1199,0.41618015012510423,0.7966531341993401,-0.0769916819057528,99.94578021003251,3.6084167617070646,-92.3130266049976,3,,,0.4,,0.012,0.008,24,4,0.6,0.85,1.25,1.0,0.0,0.0,0.0
donchian_breakout,15m,21,982,0.4226069246435845,0.7962006271477028,-0.07772316061975466,85.81736519903104,2.236750971789625,-76.32414372859908,3,,,0.4,,0.012,0.008,24,5,0.4,0.85,1.25,0.9,0.0,0.0,0.0005
donchian_breakout,15m,22,1314,0.4216133942161339,0.7941202639201355,-0.07658486554087472,105.25211470548359,4.489282392247507,-100.63251332070938,3,,,0.4,,0.012,0.008,24,3,0.6,0.85,1.25,1.0,0.0,0.0,0.0
donchian_breakout,15m,23,1080,0.4166666666666667,0.7924419410454026,-0.07938487973436394,89.55728198688357,0.6645957251770194,-85.73567011311304,3,,,0.4,,0.012,0.008,24,5,0.4,0.7,1.25,1.0,0.0,0.0,0.0
donchian_breakout,15m,24,1245,0.42008032128514056,0.7913305264106181,-0.07881349734068682,101.29700751343071,1.4777869256151472,-98.12280418915509,3,,,0.4,,0.012,0.008,24,4,0.4,0.85,1.25,1.0,0.0,0.0,0.0
donchian_breakout,15m,25,1277,0.42129992169146435,0.7912205878470918,-0.07825429368500428,103.2372807582652,2.2301590278606738,-99.93073303575046,3,,,0.4,,0.012,0.008,24,4,0.6,0.7,1.25,0.9,0.0,0.0,0.0
donchian_breakout,15m,26,1138,0.4130052724077329,0.7903789700691407,-0.08023869203511723,99.04354698429579,-0.2717402320562387,-91.3116315359634,3,,,0.4,,0.012,0.008,24,4,0.6,0.85,1.25,1.0,0.0,0.0,0.0005
donchian_breakout,15m,27,1329,0.4221218961625282,0.7902715628542223,-0.07828700806033127,109.56506324405693,2.2774772787312183,-104.04343371218026,3,,,0.4,,0.012,0.008,24,3,0.6,0.85,1.25,0.9,0.0,0.0,0.0
donchian_breakout,15m,28,1181,0.4182895850973751,0.7901649145773711,-0.0798675662451177,99.12889380139873,0.1564668512564846,-94.323595735484,3,,,0.4,,0.012,0.008,24,4,0.6,0.85,1.25,0.9,0.0,0.0,0.0005
donchian_breakout,15m,29,1261,0.422680412371134,0.7898566274255766,-0.07889873188216337,103.67752862592278,1.389254798511383,-99.49130090340802,3,,,0.4,,0.012,0.008,24,4,0.6,0.85,1.0,0.9,0.0,0.0,0.0
donchian_breakout,15m,30,1098,0.4198542805100182,0.7887468665011332,-0.08113316842004473,91.4018763017253,-1.244716811933902,-89.08421892520911,3,,,0.4,,0.012,0.008,24,5,0.4,0.7,1.0,1.0,0.0,0.0,0.0005
donchian_breakout,15m,31,1005,0.41194029850746267,0.7885332885297796,-0.08133101836522892,87.99975230990455,-1.338208740551302,-81.73767345705507,3,,,0.4,,0.012,0.008,24,5,0.4,0.7,1.25,1.0,0.0,0.0,0.0005
donchian_breakout,15m,32,1057,0.41721854304635764,0.7878903614568766,-0.08128111267508435,94.34908666268359,-1.3546779687516837,-85.91413609756417,3,,,0.4,,0.012,0.008,24,5,0.4,0.85,1.25,0.9,0.0,0.0,0.0
donchian_breakout,15m,33,1296,0.41898148148148145,0.7874067094574806,-0.07963270254894976,106.2217219300105,0.47620797975299833,-103.2039825034389,3,,,0.4,,0.012,0.008,24,4,0.6,0.7,1.0,0.9,0.0,0.0,0.0
donchian_breakout,15m,34,1276,0.42476489028213166,0.7865444885415164,-0.08054887369123516,105.6066008745763,-0.700643087250973,-102.78036283001606,3,,,0.4,,0.012,0.008,24,4,0.4,0.85,1.25,0.9,0.0,0.0,0.0
donchian_breakout,15m,35,1251,0.41566746602717825,0.7859769445038441,-0.0806772486803044,104.62948848370871,-0.8475771299127741,-100.9272380990608,3,,,0.4,,0.012,0.008,24,4,0.6,0.7,1.25,1.0,0.0,0.0,0.0
donchian_breakout,15m,36,1063,0.42144873000940736,0.7843086655163918,-0.08328713680284067,93.25108379793585,-3.495624671288157,-88.53422642141963,3,,,0.4,,0.012,0.008,24,5,0.4,0.85,1.0,0.9,0.0,0.0,0.0005
donchian_breakout,15m,37,1087,0.41582336706531736,0.7836063494183783,-0.08315583095285597,95.27661999667346,-3.431760950134496,-90.39038824575444,3,,,0.4,,0.012,0.008,24,5,0.4,0.85,1.0,1.0,0.0,0.0,0.0
donchian_breakout,15m,38,1335,0.41722846441947564,0.7832623071301277,-0.08120174566460367,113.8628105971618,-1.6049724512263948,-108.4043304622459,3,,,0.4,,0.012,0.008,24,3,0.6,0.85,1.0,1.0,0.0,0.0,0.0
donchian_breakout,15m,39,1236,0.41828478964401294,0.783125158372856,-0.08205275279967437,105.95139546262789,-2.53821774749654,-101.41720246039753,3,,,0.4,,0.012,0.008,24,4,0.6,0.85,1.0,1.0,0.0,0.0,0.0
donchian_breakout,15m,40,1281,0.419984387197502,0.7830462164689752,-0.08181112187392861,108.21715686911944,-2.320975510706852,-104.80004712050255,3,,,0.4,,0.012,0.008,24,4,0.4,0.85,1.0,1.0,0.0,0.0,0.0
donchian_breakout,15m,41,1178,0.4168081494057725,0.7824808373672613,-0.08307552145297495,105.01832559968379,-3.6244140372193816,-97.86296427160448,3,,,0.4,,0.012,0.008,24,4,0.6,0.85,1.0,1.0,0.0,0.0,0.0005
donchian_breakout,15m,42,1138,0.421792618629174,0.7822080317815132,-0.08363666476980006,99.2555418845486,-4.140180580264579,-95.17852450803247,3,,,0.4,,0.012,0.008,24,5,0.4,0.7,1.0,0.9,0.0,0.0,0.0005
donchian_breakout,15m,43,1011,0.4124629080118694,0.781895301521213,-0.08450790357827104,90.7421531738637,-4.559314243329364,-85.43749051763201,3,,,0.4,,0.012,0.008,24,5,0.4,0.85,1.0,1.0,0.0,0.0,0.0005
donchian_breakout,15m,44,1272,0.41509433962264153,0.7817162814654014,-0.08219897418653653,108.45451459184612,-2.7982144510549096,-104.55709516527448,3,,,0.4,,0.012,0.008,24,4,0.6,0.7,1.0,1.0,0.0,0.0,0.0
donchian_breakout,15m,45,1190,0.41008403361344536,0.7816549632995834,-0.08385586658181093,105.19609268172594,-4.590317359298741,-99.78848123235501,3,,,0.4,,0.012,0.008,24,4,0.4,0.85,1.25,1.0,0.0,0.0,0.0005
donchian_breakout,15m,46,1318,0.4195751138088012,0.780822135042551,-0.08261708094979861,111.19345935363344,-3.450692969022185,-108.88931269183456,3,,,0.4,,0.012,0.008,24,4,0.4,0.7,1.25,0.9,0.0,0.0,0.0
donchian_breakout,15m,47,1302,0.4216589861751152,0.779978360187624,-0.08271848309393981,110.23689473692652,-3.5408813408459743,-107.69946498830963,3,,,0.4,,0.012,0.008,24,4,0.4,0.85,1.0,0.9,0.0,0.0,0.0
donchian_breakout,15m,48,1330,0.418796992481203,0.7799149664843577,-0.08268507174381635,112.27529208107465,-3.5725744490553835,-109.97114541927576,3,,,0.4,,0.012,0.008,24,4,0.4,0.7,1.0,0.9,0.0,0.0,0.0
donchian_breakout,15m,49,1198,0.41318864774624375,0.7797537794518218,-0.08408440663321998,106.44299852116349,-4.8950771774685355,-100.73311914659753,3,,,0.4,,0.012,0.008,24,4,0.6,0.7,1.25,1.0,0.0,0.0,0.0005
donchian_breakout,15m,50,1294,0.4180834621329212,0.7796570320590159,-0.0829878667684616,109.92372934700623,-3.867846737084146,-107.3862995983893,3,,,0.4,,0.012,0.008,24,4,0.4,0.7,1.25,1.0,0.0,0.0,0.0
donchian_breakout,15m,51,1229,0.4165988608624898,0.7796182635287399,-0.08430674132643978,107.47810896120892,-5.295103131447075,-103.61298509019448,3,,,0.4,,0.012,0.008,24,4,0.4,0.85,1.25,0.9,0.0,0.0,0.0005
donchian_breakout,15m,52,1228,0.4185667752442997,0.7786783607815586,-0.08470966726566595,108.76827527325219,-5.7857857165244155,-104.02347140223779,3,,,0.4,,0.012,0.008,24,4,0.4,0.85,1.0,1.0,0.0,0.0,0.0005
donchian_breakout,15m,53,1228,0.4153094462540717,0.7782234810084129,-0.08438379649906211,109.2883420754458,-5.385456283361612,-103.62330210084826,3,,,0.4,,0.012,0.008,24,4,0.6,0.7,1.0,1.0,0.0,0.0,0.0005
donchian_breakout,15m,54,1168,0.4186643835616438,0.7778954428932338,-0.08516297489529186,100.81809677919482,-6.0327677848148324,-99.4703546777009,3,,,0.4,,0.012,0.008,24,5,0.4,0.7,1.0,1.0,0.0,0.0,0.0
donchian_breakout,15m,55,1341,0.4168530947054437,0.7773564539941187,-0.08350736628689027,115.58370684934806,-4.705260294837806,-111.98337819071986,3,,,0.4,,0.012,0.008,24,3,0.6,0.7,1.25,1.0,0.0,0.0,0.0
donchian_breakout,15m,56,1350,0.4177777777777778,0.776906939402071,-0.08404495681119233,119.2894852568434,-5.462876845847985,-113.46069169510963,3,,,0.4,,0.012,0.008,24,3,0.6,0.85,1.0,0.9,0.0,0.0,0.0
donchian_breakout,15m,57,915,0.4098360655737705,0.7767567368232514,-0.08635119432984734,86.79294166465992,-5.813668279121964,-79.01134281181031,3,,,0.4,,0.012,0.008,24,5,0.4,0.85,1.25,1.0,0.0,0.0,0.0005
donchian_breakout,15m,58,1295,0.41776061776061774,0.7763724635151924,-0.08470926879700288,114.94338696035702,-6.100943469506539,-109.69850309211873,3,,,0.4,,0.012,0.008,24,3,0.6,0.85,1.25,0.9,0.0,0.0,0.0005
donchian_breakout,15m,59,1314,0.4185692541856925,0.7762681059823395,-0.08451447738185137,114.53754714799098,-5.934397038568146,-111.0520232797527,3,,,0.4,,0.012,0.008,24,3,0.6,0.85,1.0,0.9,0.0,0.0,0.0005
donchian_breakout,15m,60,1355,0.41697416974169743,0.7758664696840266,-0.08444275019057447,118.12910963035029,-6.022335442405376,-114.4199265082284,3,,,0.4,,0.012,0.008,24,3,0.6,0.7,1.25,0.9,0.0,0.0,0.0
donchian_breakout,15m,61,1311,0.41647597254004576,0.7755226160551754,-0.08455189841956522,113.38496857666699,-5.9699267987695075,-110.84753882804999,3,,,0.4,,0.012,0.008,24,4,0.4,0.7,1.0,1.0,0.0,0.0,0.0
donchian_breakout,15m,62,1143,0.42082239720035,0.7749878474532026,-0.08696754530822545,103.06249075850535,-7.967091123751211,-99.4039042873017,3,,,0.4,,0.012,0.008,24,5,0.4,0.85,1.0,0.9,0.0,0.0,0.0
donchian_breakout,15m,63,1324,0.4206948640483384,0.7748488101703406,-0.08522455922144054,116.08490712688975,-6.92008444296446,-112.83731640918727,3,,,0.4,,0.012,0.008,24,3,0.6,0.7,1.25,0.9,0.0,0.0,0.0005
donchian_breakout,15m,64,1229,0.4165988608624898,0.7747856565207237,-0.08579582788336398,109.63772918108724,-7.125922837789456,-105.44307246865434,3,,,0.4,,0.012,0.008,24,4,0.6,0.7,1.25,0.9,0.0,0.0,0.0005
donchian_breakout,15m,65,1274,0.41993720565149134,0.7746168638844774,-0.08560621263321612,110.66746954142947,-7.145172963902905,-109.06231489471733,3,,,0.4,,0.012,0.008,24,4,0.4,0.7,1.25,0.9,0.0,0.0,0.0005
donchian_breakout,15m,66,1246,0.41653290529695025,0.7746025477507117,-0.08592693356091292,109.78772701414547,-7.387914382650583,-107.0649592168975,3,,,0.4,,0.012,0.008,24,4,0.4,0.7,1.25,1.0,0.0,0.0,0.0005
donchian_breakout,15m,67,1281,0.41608118657298987,0.7743590930246724,-0.08584284157600319,115.03109408323928,-7.487675128911677,-109.9646800588601,3,,,0.4,,0.012,0.008,24,3,0.6,0.85,1.25,1.0,0.0,0.0,0.0005
donchian_breakout,15m,68,990,0.4090909090909091,0.7739017940403187,-0.08750408475109865,93.99221185112475,-7.432016710271791,-86.62904390358767,3,,,0.4,,0.012,0.008,24,5,0.4,0.85,1.25,1.0,0.0,0.0,0.0
donchian_breakout,15m,69,1334,0.41829085457271364,0.7738969490579363,-0.085434751637267,116.92874110587343,-7.252859828045415,-113.96995868411419,3,,,0.4,,0.012,0.008,24,3,0.6,0.7,1.0,0.9,0.0,0.0,0.0005
donchian_breakout,15m,70,1218,0.4154351395730706,0.7729921634335655,-0.08706596544148747,111.38335869393107,-8.6097898236612,-106.04634590773173,3,,,0.4,,0.012,0.008,24,4,0.6,0.85,1.0,0.9,0.0,0.0,0.0005
donchian_breakout,15m,71,1208,0.41887417218543044,0.7717583315052228,-0.08743767682755625,108.09197570918182,-8.988308931260464,-105.62471360768795,3,,,0.4,,0.012,0.008,24,5,0.4,0.7,1.0,0.9,0.0,0.0,0.0
donchian_breakout,15m,72,1354,0.4150664697193501,0.7713676945151217,-0.08608827598068591,120.60024477475525,-8.24682440761178,-116.56352567784873,3,,,0.4,,0.012,0.008,24,3,0.6,0.7,1.0,1.0,0.0,0.0,0.0
donchian_breakout,15m,73,1357,0.41414885777450255,0.7711398436106356,-0.08678036481527279,121.47013817644705,-9.204636909088823,-117.76095505432518,3,,,0.4,,0.012,0.008,24,3,0.4,0.85,1.25,0.9,0.0,0.0,0.0
donchian_breakout,15m,74,1260,0.41984126984126985,0.7708727088915058,-0.08757626403538464,113.33153655559909,-9.54991264964452,-110.34609268458465,3,,,0.4,,0.012,0.008,24,4,0.4,0.85,1.0,0.9,0.0,0.0,0.0005
donchian_breakout,15m,75,1307,0.4185156847742923,0.7705974609284233,-0.08718606096731173,117.19977240197896,-9.395940060300559,-113.95218168427643,3,,,0.4,,0.012,0.008,24,3,0.6,0.7,1.25,1.0,0.0,0.0,0.0005
donchian_breakout,15m,76,1367,0.4162399414776884,0.7700732188012426,-0.08698085363647445,122.63481463984158,-9.546645579292306,-118.90282692106058,3,,,0.4,,0.012,0.008,24,2,0.4,0.85,1.0,1.0,0.0,0.0,0.0005
donchian_breakout,15m,77,1365,0.4153846153846154,0.7694007998461871,-0.08725889352973962,123.25396322849481,-9.912354609938564,-119.10838966809457,3,,,0.4,,0.012,0.008,24,3,0.6,0.7,1.0,0.9,0.0,0.0,0.0
donchian_breakout,15m,78,1366,0.4136163982430454,0.7693816769958913,-0.08748278237478882,123.6470542843617,-10.225570952342485,-119.50148072396154,3,,,0.4,,0.012,0.008,24,3,0.4,0.85,1.0,0.9,0.0,0.0,0.0
donchian_breakout,15m,79,1351,0.4167283493708364,0.7692754880225051,-0.08749799296261405,122.20910681701075,-10.13384202930331,-118.20978849249158,3,,,0.4,,0.012,0.008,24,2,0.6,0.85,1.25,1.0,0.0,0.0,0.0005
donchian_breakout,15m,80,1349,0.41512231282431433,0.7691208241954742,-0.08752221179346803,121.77664683151025,-10.151524319116028,-118.06746370938838,3,,,0.4,,0.012,0.008,24,3,0.4,0.85,1.25,1.0,0.0,0.0,0.0
donchian_breakout,15m,81,1361,0.4180749448934607,0.7680606367140929,-0.0879848092879859,123.74664376546797,-10.871674110593045,-119.7473254409488,3,,,0.4,,0.012,0.008,24,2,0.6,0.85,1.25,0.9,0.0,0.0,0.0005
donchian_breakout,15m,82,1303,0.41442824251726784,0.7680086130102245,-0.08850554507278138,119.11411193652403,-11.087160093871702,-115.32272522983415,3,,,0.4,,0.012,0.008,24,3,0.6,0.85,1.0,1.0,0.0,0.0,0.0005
donchian_breakout,15m,83,1297,0.41788743253662297,0.767401115398773,-0.08845099442224223,116.03728611641705,-10.965325896006584,-114.72093976564817,3,,,0.4,,0.012,0.008,24,4,0.4,0.7,1.0,0.9,0.0,0.0,0.0005
donchian_breakout,15m,84,1359,0.4142752023546726,0.7673751800847881,-0.08823579762117259,123.85251832870867,-11.196927738268863,-119.91244896717355,3,,,0.4,,0.012,0.008,24,3,0.4,0.85,1.0,1.0,0.0,0.0,0.0
donchian_breakout,15m,85,1365,0.41611721611721614,0.7673282927607309,-0.08842147042035275,124.4272948425625,-11.499907086616162,-120.6953071237815,3,,,0.4,,0.012,0.008,24,2,0.4,0.85,1.25,1.0,0.0,0.0,0.0005
donchian_breakout,15m,86,1328,0.4186746987951807,0.7668688485102423,-0.08848972844042671,120.76195008658921,-11.278870917253581,-117.51435936888667,3,,,0.4,,0.012,0.008,24,3,0.4,0.85,1.25,0.9,0.0,0.0,0.0005
donchian_breakout,15m,87,1366,0.4143484626647145,0.7656926646418617,-0.08894942045529321,125.21541837050647,-12.22980026203534,-121.50490834193052,3,,,0.4,,0.012,0.008,24,2,0.6,0.7,1.25,1.0,0.0,0.0,0.0005
donchian_breakout,15m,88,1373,0.41369264384559357,0.7654647857928905,-0.08902760345371105,125.96688726072631,-12.399859485739576,-122.23489954194527,3,,,0.4,,0.012,0.008,24,2,0.4,0.85,1.0,0.9,0.0,0.0,0.0005
donchian_breakout,15m,89,1363,0.4145267791636097,0.765258634729046,-0.08905739906299871,125.6818925768137,-12.3501749928644,-121.38523492286724,3,,,0.4,,0.012,0.008,24,2,0.6,0.85,1.0,1.0,0.0,0.0,0.0005
donchian_breakout,15m,90,1372,0.4139941690962099,0.7647392864662156,-0.08945286904245234,126.46132404502563,-12.97452613669929,-122.7293363262446,3,,,0.4,,0.012,0.008,24,2,0.4,0.85,1.25,0.9,0.0,0.0,0.0005
donchian_breakout,15m,91,1261,0.41316415543219664,0.7639721532613987,-0.09040757073228413,117.31892340584322,-13.129198372759399,-114.00394669341028,3,,,0.4,,0.012,0.008,24,4,0.6,0.7,1.0,0.9,0.0,0.0,0.0005
donchian_breakout,15m,92,1371,0.41429613420860684,0.7634449407573071,-0.08980803860468167,126.8373309555945,-13.452201807741682,-123.12682092701857,3,,,0.4,,0.012,0.008,24,2,0.6,0.7,1.0,1.0,0.0,0.0,0.0005
donchian_breakout,15m,93,1323,0.41345427059712775,0.7633756308613064,-0.09018719347666708,122.27643939138981,-13.483050189706436,-119.31765696963055,3,,,0.4,,0.012,0.008,24,3,0.6,0.7,1.0,1.0,0.0,0.0,0.0005
donchian_breakout,15m,94,1370,0.4145985401459854,0.7631511414656724,-0.08996382134390503,127.54709289509628,-13.655897600189968,-123.25043524114989,3,,,0.4,,0.012,0.008,24,2,0.6,0.85,1.0,0.9,0.0,0.0,0.0005
donchian_breakout,15m,95,1349,0.41660489251297256,0.7630843524335589,-0.09008931836514618,124.48927289634148,-13.615936849321939,-121.5304904745822,3,,,0.4,,0.012,0.008,24,3,0.4,0.7,1.25,0.9,0.0,0.0,0.0005
donchian_breakout,15m,96,1342,0.4150521609538003,0.7630117188295276,-0.08988703140383769,123.58717856570942,-13.273705626200675,-120.62839614395018,3,,,0.4,,0.012,0.008,24,3,0.4,0.85,1.0,0.9,0.0,0.0,0.0005
donchian_breakout,15m,97,1366,0.4128843338213763,0.7628212382774847,-0.09014027373654405,126.84079704624106,-13.857156786833928,-123.13161392411918,3,,,0.4,,0.012,0.008,24,3,0.4,0.7,1.25,1.0,0.0,0.0,0.0
donchian_breakout,15m,98,1373,0.41369264384559357,0.7624383625464884,-0.09037779418727418,127.79922144770337,-14.254413184401216,-124.08871141912745,3,,,0.4,,0.012,0.008,24,2,0.6,0.7,1.25,0.9,0.0,0.0,0.0005
donchian_breakout,15m,99,1273,0.4124116260801257,0.7623204413157564,-0.09109291344135453,118.39523831214905,-14.126929582677404,-115.96127881084432,3,,,0.4,,0.012,0.008,24,4,0.4,0.7,1.0,1.0,0.0,0.0,0.0005
donchian_breakout,15m,100,1321,0.41635124905374715,0.7622876657950055,-0.09074943521706694,123.12759463944795,-14.205686196223931,-119.88000392174543,3,,,0.4,,0.012,0.008,24,3,0.4,0.85,1.25,1.0,0.0,0.0,0.0005
donchian_breakout,15m,101,1375,0.41309090909090906,0.7621579218669583,-0.09048273689377823,128.1457509477261,-14.419531041361617,-124.41376322894506,3,,,0.4,,0.012,0.008,24,2,0.4,0.7,1.0,1.0,0.0,0.0,0.0005
donchian_breakout,15m,102,1371,0.4135667396061269,0.761988407093374,-0.09057940162461257,127.89354274946571,-14.51016369282098,-124.18435962734384,3,,,0.4,,0.012,0.008,24,3,0.4,0.7,1.25,0.9,0.0,0.0,0.0
donchian_breakout,15m,103,1354,0.4150664697193501,0.7619881571488534,-0.0904377831906604,125.41154086191344,-14.138413805676457,-122.45275844015417,3,,,0.4,,0.012,0.008,24,3,0.4,0.7,1.0,0.9,0.0,0.0,0.0005
donchian_breakout,15m,104,1377,0.41249092229484385,0.7613802233403746,-0.09084386315087191,128.82398727753164,-14.937974748650083,-125.09199955875062,3,,,0.4,,0.012,0.008,24,2,0.4,0.7,1.0,0.9,0.0,0.0,0.0005
donchian_breakout,15m,105,1339,0.41598207617625094,0.7613688078260371,-0.0909542759155712,124.7465578727091,-14.673644908913419,-121.78777545094984,3,,,0.4,,0.012,0.008,24,3,0.4,0.7,1.25,1.0,0.0,0.0,0.0005
donchian_breakout,15m,106,1373,0.415877640203933,0.7611722473871629,-0.09098961903815864,127.88282322460545,-15.094784853333147,-124.9287469393918,3,,,0.4,,0.012,0.008,24,2,0.6,0.85,1.25,1.0,0.0,0.0,0.0
donchian_breakout,15m,107,1371,0.412837345003647,0.761137431265825,-0.09086430967600892,128.7205421262084,-14.900928937383187,-124.57496856580822,3,,,0.4,,0.012,0.008,24,3,0.4,0.7,1.0,1.0,0.0,0.0,0.0
donchian_breakout,15m,108,1376,0.4127906976744186,0.7610557050904241,-0.09107233625414894,129.04752240448994,-15.241631338244245,-125.31553468570894,3,,,0.4,,0.012,0.008,24,2,0.4,0.7,1.25,0.9,0.0,0.0,0.0005
donchian_breakout,15m,109,1374,0.413391557496361,0.7608419330236192,-0.09120708281919059,129.05051951234887,-15.404693671036288,-125.31853179356786,3,,,0.4,,0.012,0.008,24,2,0.4,0.7,1.25,1.0,0.0,0.0,0.0005
donchian_breakout,15m,110,1347,0.41573867854491464,0.7606531016018397,-0.09109152482286069,125.65906635815266,-14.946262441369907,-122.70028393639335,3,,,0.4,,0.012,0.008,24,3,0.4,0.7,1.0,1.0,0.0,0.0,0.0005
donchian_breakout,15m,111,1378,0.41654571843251087,0.7604665825703104,-0.0913048532574987,128.77216407404686,-15.584321517440186,-125.8180877888332,3,,,0.4,,0.012,0.008,24,2,0.6,0.85,1.0,1.0,0.0,0.0,0.0
donchian_breakout,15m,112,1382,0.4153400868306802,0.7604647626705053,-0.09133363582768768,129.17716099907798,-15.66935245484631,-126.22308471386437,3,,,0.4,,0.012,0.008,24,2,0.6,0.85,1.0,0.9,0.0,0.0,0.0
donchian_breakout,15m,113,1383,0.4150397686189443,0.7604409537133916,-0.09139228028480088,129.34959991909327,-15.761828365225716,-126.39552363387962,3,,,0.4,,0.012,0.008,24,2,0.4,0.7,1.0,0.9,0.0,0.0,0.0
donchian_breakout,15m,114,1383,0.4150397686189443,0.7604409537133916,-0.09139228028480088,129.34959991909327,-15.761828365225716,-126.39552363387962,3,,,0.4,,0.012,0.008,24,2,0.4,0.7,1.25,0.9,0.0,0.0,0.0
donchian_breakout,15m,115,1382,0.4153400868306802,0.7603434084649968,-0.09145094432191322,129.3392813380977,-15.83153766795127,-126.38520505288407,3,,,0.4,,0.012,0.008,24,2,0.4,0.7,1.0,1.0,0.0,0.0,0.0
donchian_breakout,15m,116,1382,0.4153400868306802,0.7603434084649968,-0.09145094432191322,129.3392813380977,-15.83153766795127,-126.38520505288407,3,,,0.4,,0.012,0.008,24,2,0.4,0.7,1.25,1.0,0.0,0.0,0.0
donchian_breakout,15m,117,1381,0.41564083997103546,0.7601725205500429,-0.09150863668231068,129.32750354348465,-15.899787173140332,-126.37342725827106,3,,,0.4,,0.012,0.008,24,2,0.4,0.85,1.0,1.0,0.0,0.0,0.0
donchian_breakout,15m,118,1382,0.414616497829233,0.7599844091871342,-0.09161944765527308,129.57215294480105,-16.06450246057162,-126.61807665958739,3,,,0.4,,0.012,0.008,24,2,0.6,0.7,1.25,1.0,0.0,0.0,0.0
donchian_breakout,15m,119,1375,0.4123636363636364,0.7598101066425088,-0.0915644249600828,130.046657880514,-15.907447299033475,-125.90108432011385,3,,,0.4,,0.012,0.008,24,3,0.4,0.7,1.0,0.9,0.0,0.0,0.0
donchian_breakout,15m,120,1380,0.4152173913043478,0.7597532756092646,-0.0916342961280983,129.4094049419893,-16.06175335811892,-126.45532865677566,3,,,0.4,,0.012,0.008,24,2,0.6,0.85,1.25,0.9,0.0,0.0,0.0
donchian_breakout,15m,121,1381,0.41491672700941346,0.7597416402571222,-0.09168165985878658,129.56644855019786,-16.13882779610272,-126.61237226498427,3,,,0.4,,0.012,0.008,24,2,0.4,0.85,1.25,1.0,0.0,0.0,0.0
donchian_breakout,15m,122,1384,0.4147398843930636,0.7591752046480812,-0.09196185233661823,130.22927991909327,-16.56182836522573,-127.27520363387963,3,,,0.4,,0.012,0.008,24,2,0.6,0.7,1.25,0.9,0.0,0.0,0.0
donchian_breakout,15m,123,1377,0.41249092229484385,0.7590503151784093,-0.09180843027228458,130.13071851351174,-16.266715171004282,-126.42020848493587,3,,,0.4,,0.012,0.008,24,2,0.6,0.7,1.0,0.9,0.0,0.0,0.0005
donchian_breakout,15m,124,1383,0.4150397686189443,0.7590037449171361,-0.0920198306863822,130.2175021244802,-16.63007787041477,-127.26342583926659,3,,,0.4,,0.012,0.008,24,2,0.4,0.85,1.0,0.9,0.0,0.0,0.0
donchian_breakout,15m,125,1383,0.4150397686189443,0.7590037449171361,-0.0920198306863822,130.2175021244802,-16.63007787041477,-127.26342583926659,3,,,0.4,,0.012,0.008,24,2,0.4,0.85,1.25,0.9,0.0,0.0,0.0
donchian_breakout,15m,126,1385,0.4144404332129964,0.7579136622431312,-0.09253060190171813,131.10895991909328,-17.361828365225723,-128.15488363387962,3,,,0.4,,0.012,0.008,24,2,0.6,0.7,1.0,0.9,0.0,0.0,0.0
donchian_breakout,15m,127,1384,0.4147398843930636,0.7578152099467669,-0.0925900036509278,131.09864133809774,-17.43153766795128,-128.14456505288408,3,,,0.4,,0.012,0.008,24,2,0.6,0.7,1.0,1.0,0.0,0.0,0.0
donchian_breakout,15m,128,1337,0.4128646222887061,0.7553577104654597,-0.09363954697707672,128.15485673011088,-18.24337165701439,-125.19607430835157,3,,,0.4,,0.012,0.008,24,3,0.4,0.85,1.0,1.0,0.0,0.0,0.0005
