strategy,rank,total_trades,win_rate,profit_factor,expectancy,max_drawdown,gross_pnl,net_pnl,lookback,rsi_threshold,distance_from_ema20,volume_ratio,bb_std_multiplier,take_profit_pct,stop_loss_pct,max_holding_candles
donchian_breakout,1,3430,0.32740524781341107,0.5475461321069768,-0.079596234410947,273.1833037153074,1.3854701585151854,-273.01508402954823,20,,,1.2,,0.006,0.003,45
donchian_breakout,2,3723,0.32634971796937956,0.542114121356174,-0.08096134748733859,302.1007915105438,-3.580528906924371,-301.4190966953616,10,,,1.2,,0.006,0.003,45
donchian_breakout,3,3577,0.3242941012021247,0.5387904029123364,-0.08128377463359963,290.8236138575966,-4.593899424155529,-290.7520618643859,20,,,1.0,,0.006,0.003,45
donchian_breakout,4,3489,0.30868443680137575,0.538127558319529,-0.07845054486764791,273.89366457925644,5.408212241673089,-273.7139510432236,20,,,1.2,,0.006,0.0025,45
donchian_breakout,5,3964,0.3216448032290615,0.5288206626013474,-0.08355404125138635,331.27977151370857,-14.093857063320836,-331.2082195204955,10,,,1.0,,0.006,0.003,45
donchian_breakout,6,3187,0.318167555695011,0.5286385120043943,-0.08417540621246268,269.14615255820456,-13.312344536933324,-268.26701959911856,30,,,1.2,,0.006,0.003,45
donchian_breakout,7,3401,0.32225815936489266,0.5280856481654188,-0.08388307051208345,286.40676048183246,-13.211607454577678,-285.2863228115958,10,,,1.5,,0.006,0.003,45
donchian_breakout,8,3178,0.3219005663939585,0.527504943734197,-0.08420954585076806,268.23604464001266,-13.383290029752798,-267.6179367137409,20,,,1.5,,0.006,0.003,45
donchian_breakout,9,3813,0.3057959611854183,0.5274764819328523,-0.0812270514892051,310.032055993796,-4.6806195761695415,-309.7187473283391,10,,,1.2,,0.006,0.0025,45
donchian_breakout,10,3647,0.30518234165067176,0.5258909148528673,-0.08097137628176042,295.3741612927912,-3.5440269103444115,-295.30260929958024,20,,,1.0,,0.006,0.0025,45
donchian_breakout,11,3307,0.3150892047172664,0.5230971906764073,-0.08521549381805346,282.3068910153892,-17.254539872251698,-281.8076380563028,30,,,1.0,,0.006,0.003,45
donchian_breakout,12,3965,0.36368221941992435,0.5211020820935082,-0.08103191847033471,321.36310872809224,-4.093194012482114,-321.29155673487713,10,,,1.2,,0.004,0.003,45
donchian_breakout,13,3231,0.30331166821417516,0.5200557172608038,-0.08264281700840716,267.6002921389668,-8.542358697642552,-267.0189417541635,20,,,1.5,,0.006,0.0025,45
donchian_breakout,14,3469,0.30152781781493226,0.5160867524116335,-0.08352621423350678,290.95827790091505,-12.237332108878578,-289.752437176035,10,,,1.5,,0.006,0.0025,45
donchian_breakout,15,3242,0.29827267119062306,0.5159967580907635,-0.08348516668875305,271.4030253135355,-11.303431777648443,-270.6589104049374,30,,,1.2,,0.006,0.0025,45
donchian_breakout,16,3598,0.2818232351306281,0.5155551543959519,-0.07885391444637516,283.9603061026059,4.1252659283135005,-283.7163841780578,20,,,1.2,,0.006,0.002,45
donchian_breakout,17,3597,0.35974423130386435,0.5151066036493793,-0.08223892180792694,295.8134017431162,-8.056624392870338,-295.8134017431132,10,,,1.5,,0.004,0.003,45
donchian_breakout,18,3647,0.363312311488895,0.5149965575220481,-0.08231414803865097,300.27124989017295,-8.44307512701088,-300.1996978969601,20,,,1.2,,0.004,0.003,45
donchian_breakout,19,3353,0.36057262153295555,0.5140655820335216,-0.08270566390716705,277.31209108073233,-9.075721369278805,-277.31209108073114,20,,,1.5,,0.004,0.003,45
donchian_breakout,20,3940,0.2814720812182741,0.5129326528188292,-0.07939831987291292,313.07330222382467,2.371568328054309,-312.8293802992769,10,,,1.2,,0.006,0.002,45
donchian_breakout,21,4073,0.3010066290203781,0.5128054283480721,-0.08414629533565901,342.79941289535304,-16.894618749638973,-342.7278609021391,10,,,1.0,,0.006,0.0025,45
donchian_breakout,22,4238,0.3596035865974516,0.5122395500161054,-0.08290993578171485,351.4438598361239,-12.337242740003521,-351.37230784290756,10,,,1.0,,0.004,0.003,45
donchian_breakout,23,2988,0.31258366800535475,0.5112564312292737,-0.08829266043182651,264.5270073954606,-24.788384724187335,-263.81846937029763,30,,,1.5,,0.006,0.003,45
donchian_breakout,24,3815,0.36120576671035387,0.5101060357746602,-0.08332303321693361,317.94892371581574,-12.682444700481911,-317.87737172260177,20,,,1.0,,0.004,0.003,45
donchian_breakout,25,3368,0.29572446555819476,0.5092316253671799,-0.08473496902390848,285.7981624818844,-15.953757175393932,-285.3873756725238,30,,,1.0,,0.006,0.0025,45
donchian_breakout,26,3383,0.3585574933490984,0.5090636246115154,-0.08394865693277202,284.36512579730294,-13.36365186431345,-283.99830640356777,30,,,1.2,,0.004,0.003,45
donchian_breakout,27,3318,0.2796865581675708,0.5088405085725803,-0.08032343699703556,266.6305019300336,-1.0735933935214053,-266.513163956164,20,,,1.5,,0.006,0.002,45
donchian_breakout,28,3711,0.34384263001886284,0.5082002046707981,-0.08048992830231362,298.76967592309865,-1.8188514704740555,-298.69812392988587,20,,,1.2,,0.004,0.0025,45
donchian_breakout,29,3151,0.35544271659790544,0.5081107087013061,-0.08425479907257745,265.6248706768502,-13.412236772400508,-265.48687187769156,30,,,1.5,,0.004,0.003,45
donchian_breakout,30,4058,0.342533267619517,0.5069580520916411,-0.08123306285694301,329.7153210666908,-5.005771382027549,-329.64376907347474,10,,,1.2,,0.004,0.0025,45
donchian_breakout,31,3517,0.3559852146715951,0.5056384072643269,-0.0845999455036169,297.6095603294336,-16.184482129072215,-297.5380083362206,30,,,1.0,,0.004,0.003,45
donchian_breakout,32,3331,0.27559291504052835,0.5049589729565572,-0.08102117706518513,270.1911795395946,-3.4029019649176764,-269.8815408041317,30,,,1.2,,0.006,0.002,45
donchian_breakout,33,3763,0.2785011958543715,0.5038353967881424,-0.08114428267952677,305.4174877162714,-4.30765878657384,-305.3459357230592,20,,,1.0,,0.006,0.002,45
donchian_breakout,34,3576,0.27824384787472034,0.5038200513981141,-0.08137746563897234,291.1231550988344,-4.927788240261223,-291.0058171249651,10,,,1.5,,0.006,0.002,45
donchian_breakout,35,3033,0.29409825255522587,0.5035719743565126,-0.08650363073671392,262.8907806073865,-19.733405386608002,-262.3655120244533,30,,,1.5,,0.006,0.0025,45
donchian_breakout,36,3409,0.33939571721912587,0.5028782211114745,-0.08189152642533049,279.1682135839522,-6.450793901512244,-279.1682135839516,20,,,1.5,,0.004,0.0025,45
donchian_breakout,37,3106,0.2736638763683194,0.5007617799972682,-0.08193701988446218,254.49638376114285,-6.018791277650581,-254.49638376113953,30,,,1.5,,0.006,0.002,45
donchian_breakout,38,3887,0.34139439156161566,0.500708153719978,-0.08204362070024603,318.97510565507076,-7.9467323547981845,-318.9035536618563,20,,,1.0,,0.004,0.0025,45
donchian_breakout,39,3667,0.3373329697300245,0.5005905702097466,-0.08241765249037283,302.2255316822004,-8.869079313922743,-302.2255316821972,10,,,1.5,,0.004,0.0025,45
donchian_breakout,40,3439,0.3381797034021518,0.49996352536153577,-0.08254237083788014,284.23693054692393,-8.746711996268271,-283.8632133114698,30,,,1.2,,0.004,0.0025,45
donchian_breakout,41,4211,0.27736879601044884,0.49931809915316544,-0.08198543046065923,345.3121996630484,-8.363993267142929,-345.24064766983605,10,,,1.0,,0.006,0.002,45
donchian_breakout,42,4346,0.33847215830648875,0.49805919474701305,-0.08301540339457336,360.85649514603364,-13.110187227706945,-360.78494315281586,10,,,1.0,,0.004,0.0025,45
donchian_breakout,43,3487,0.31574419271580156,0.4969686378557595,-0.07865695338758313,274.2767964625054,4.685077568525059,-274.2767964625024,20,,,1.5,,0.004,0.002,45
donchian_breakout,44,3464,0.2722286374133949,0.4968654609437829,-0.08262195949379098,286.51210642195434,-9.086102127342905,-286.20246768649196,30,,,1.0,,0.006,0.002,45
donchian_breakout,45,4174,0.3169621466219454,0.4968382292724848,-0.07867424601112889,328.4578548436665,5.535911514153677,-328.386302850452,10,,,1.2,,0.004,0.002,45
donchian_breakout,46,3261,0.31340079730144127,0.496617951280836,-0.07866345925776874,256.96525429058886,4.360203441792873,-256.52154063958386,30,,,1.5,,0.004,0.002,45
donchian_breakout,47,3196,0.3341677096370463,0.49631565531336164,-0.0835262761705417,267.03080335533525,-11.274488436425857,-266.9499786410513,30,,,1.5,,0.004,0.0025,45
donchian_breakout,48,3806,0.3176563321071992,0.4956197572926131,-0.07878349611834343,299.92153821962853,4.631866520193017,-299.84998622641507,20,,,1.2,,0.004,0.002,45
donchian_breakout,49,3578,0.33566238121855785,0.49426624868342867,-0.08360461929091004,299.208879816089,-12.902488818403459,-299.1373278228761,30,,,1.0,,0.004,0.0025,45
donchian_breakout,50,3767,0.3132466153437749,0.49211960184895626,-0.0797394243194815,300.3784114114904,0.9819813810656487,-300.3784114114868,10,,,1.5,,0.004,0.002,45
donchian_breakout,51,3517,0.3139038953653682,0.4907217889158947,-0.0797783862671937,281.13031052378665,0.7797273892354735,-280.58058450172024,30,,,1.2,,0.004,0.002,45
donchian_breakout,52,3772,0.30328738069989397,0.4900078342461086,-0.07942158349508291,300.8756162575108,2.1826601205954956,-299.57821294345274,20,,,1.2,,0.006,0.0025,30
donchian_breakout,53,3734,0.3133369041242635,0.48981179239507283,-0.08187584197027746,306.84123490712375,-7.007196795734281,-305.724393917016,20,,,1.2,,0.006,0.003,30
donchian_breakout,54,4476,0.3136729222520107,0.487940034230939,-0.08046964944477487,360.2537029080277,-2.102992111656967,-360.1821509148123,10,,,1.0,,0.004,0.002,45
donchian_breakout,55,3992,0.3151302605210421,0.4875201677089154,-0.0804510483971224,321.2321371945262,-1.8013057236020895,-321.16058520131264,20,,,1.0,,0.004,0.002,45
donchian_breakout,56,4095,0.3145299145299145,0.4864538742103073,-0.08209334599999916,337.72033309709,-8.575682142853685,-336.17225186999656,10,,,1.2,,0.006,0.003,30
donchian_breakout,57,3910,0.31150895140664964,0.48631871250167025,-0.08229463971417102,322.28782564858676,-8.975631535022679,-321.7720412824087,20,,,1.0,,0.006,0.003,30
donchian_breakout,58,4159,0.30391921134888195,0.48232397639387475,-0.08055979444412287,336.2262529621361,-2.3291167398029122,-335.048185093107,10,,,1.2,,0.006,0.0025,30
donchian_breakout,59,3956,0.29979777553083925,0.4822734837021826,-0.08086202617209436,320.68648222693395,-3.4115401528664,-319.89017553680526,20,,,1.0,,0.006,0.0025,30
donchian_breakout,60,3669,0.3101662578359226,0.48205048715497945,-0.08160700793023812,299.68591811811007,-5.898471484637519,-299.41611209604366,30,,,1.0,,0.004,0.002,45
donchian_breakout,61,4386,0.3123575011399909,0.4786551743844727,-0.0834758057389325,367.0719085741213,-15.250984364703859,-366.12488397095797,10,,,1.0,,0.006,0.003,30
donchian_breakout,62,4218,0.4039829302987198,0.47798299185186444,-0.08399606158347792,354.3669397523254,-16.862132612154735,-354.2953877591099,10,,,1.2,,0.003,0.003,45
donchian_breakout,63,3712,0.3098060344827586,0.4769195560560171,-0.08457043208865889,315.9376676418255,-16.972232806224273,-313.9254439131018,10,,,1.5,,0.006,0.003,30
donchian_breakout,64,3479,0.29807415924116126,0.4753088016348715,-0.0822425702301193,287.3662530936152,-7.805023840121101,-286.12190183058505,30,,,1.2,,0.006,0.0025,30
donchian_breakout,65,3758,0.29882916444917507,0.475056964404252,-0.08244620552533798,311.78490814691907,-9.1965189718088,-309.8328403642201,10,,,1.5,,0.006,0.0025,30
donchian_breakout,66,4277,0.3432312368482581,0.4749605658400885,-0.08175239320940143,349.65834505461044,-7.497984950590114,-349.6549857566099,10,,,1.2,,0.004,0.003,30
donchian_breakout,67,3471,0.29818496110630943,0.4749421201387288,-0.0829208620595693,289.22116872223205,-10.14236915642766,-287.81831220876506,20,,,1.5,,0.006,0.0025,30
donchian_breakout,68,3448,0.30771461716937354,0.47462107313968765,-0.08512504171520582,294.6748927731103,-17.67821512007769,-293.51114383402967,30,,,1.2,,0.006,0.003,30
donchian_breakout,69,3850,0.28493506493506493,0.47358546266092855,-0.07890398825356514,304.4036161268025,4.221333757277169,-303.78035477622575,20,,,1.2,,0.006,0.002,30
donchian_breakout,70,4463,0.3013667936365673,0.473560944271205,-0.08211838092054474,367.1713052934901,-9.458117295309325,-366.4943340483912,10,,,1.0,,0.006,0.0025,30
donchian_breakout,71,4341,0.33264224832987793,0.47268513584780514,-0.07968426082533571,345.9317641565697,1.3711722261081385,-345.9093762427823,10,,,1.2,,0.004,0.0025,30
donchian_breakout,72,3592,0.3056792873051225,0.47223344879549023,-0.08528840574520019,307.1398223758397,-19.003554858702543,-306.3559534367591,30,,,1.0,,0.006,0.003,30
donchian_breakout,73,4302,0.38493723849372385,0.47198703407843673,-0.08248406598754843,354.9180038716499,-10.690728169701254,-354.84645187843336,10,,,1.2,,0.003,0.0025,45
donchian_breakout,74,3439,0.30764757196859555,0.47190358292462825,-0.08609977826393599,297.4995901731789,-20.985531662340797,-296.09713744967587,20,,,1.5,,0.006,0.003,30
donchian_breakout,75,3584,0.400390625,0.4707862207015002,-0.08572155181626143,307.2975937026939,-20.51424740844433,-307.22604170948097,30,,,1.2,,0.003,0.003,45
donchian_breakout,76,3874,0.4024264326277749,0.4707134457426486,-0.08558766944470869,331.638183422016,-21.655293546219962,-331.5666314288015,20,,,1.2,,0.003,0.003,45
donchian_breakout,77,4253,0.28568069597930873,0.46978042245130575,-0.07935806782857303,338.0374665902757,2.7312300170857124,-337.50986247492114,10,,,1.2,,0.006,0.002,30
donchian_breakout,78,3630,0.2950413223140496,0.46906649435108183,-0.08334334510657204,303.4507939998875,-12.141199216543127,-302.5363427368565,30,,,1.0,,0.006,0.0025,30
donchian_breakout,79,3932,0.384028484231943,0.4686713347990707,-0.08284411984994632,325.8146312432036,-11.187554271697586,-325.7430792499889,20,,,1.2,,0.003,0.0025,45
donchian_breakout,80,3947,0.32860400304028375,0.46847424162606965,-0.08074456579644067,318.7427239092766,-2.9399771894271165,-318.69880119855134,20,,,1.2,,0.004,0.0025,30
donchian_breakout,81,4039,0.2820004951720723,0.46813591042873953,-0.07986038823580772,322.8994494350041,0.5641175625976408,-322.5561080844274,20,,,1.0,,0.006,0.002,30
donchian_breakout,82,3825,0.39712418300653596,0.46797235352166916,-0.08627968621455424,330.0197997706743,-24.029411535284094,-330.01979977067,10,,,1.5,,0.003,0.003,45
donchian_breakout,83,3863,0.33859694537923896,0.4676512561790224,-0.08347262954203101,322.4547679208691,-13.420135975255882,-322.4547679208658,10,,,1.5,,0.004,0.003,30
donchian_breakout,84,4596,0.3409486510008703,0.4675965738509938,-0.08326178975896073,382.67454503018547,-14.997184606025904,-382.6711857321835,10,,,1.0,,0.004,0.003,30
donchian_breakout,85,3336,0.39568345323741005,0.4666127649919125,-0.08690831229959743,289.92612983145904,-23.05535197224591,-289.92612983145705,30,,,1.5,,0.003,0.003,45
donchian_breakout,86,3554,0.39786156443444004,0.4663629959497012,-0.08685751361156042,308.69160337548834,-24.381355917852876,-308.6916033754857,20,,,1.5,,0.003,0.003,45
donchian_breakout,87,3635,0.38046767537826687,0.46627590873156943,-0.08348876492197406,303.5532124845888,-12.686735185449852,-303.4816604913757,30,,,1.2,,0.003,0.0025,45
donchian_breakout,88,3532,0.2814269535673839,0.4659785349721607,-0.08073101244004381,285.46968468217784,-2.5829691258850507,-285.1419359382347,20,,,1.5,,0.006,0.002,30
donchian_breakout,89,4508,0.39840283939662824,0.4659352223618597,-0.08661318823696129,390.5238045654388,-29.82418224511953,-390.4522525722215,10,,,1.0,,0.003,0.003,45
donchian_breakout,90,4670,0.3297644539614561,0.46589801749515586,-0.0809990380160043,378.2688668327428,-4.667374484533887,-378.2655075347401,10,,,1.0,,0.004,0.0025,30
donchian_breakout,91,3911,0.33853234466888266,0.465660978876647,-0.08399987378316216,328.567429076672,-15.649766272456207,-328.52350636594724,20,,,1.2,,0.004,0.003,30
donchian_breakout,92,3582,0.336962590731435,0.46530167243267534,-0.08439224808370618,302.2930326358377,-15.739328367182415,-302.2930326358356,20,,,1.5,,0.004,0.003,30
donchian_breakout,93,3614,0.32650802434975096,0.4652943873668446,-0.0817799245813284,295.55264743692334,-6.43522152553102,-295.55264743692084,20,,,1.5,,0.004,0.0025,30
donchian_breakout,94,3727,0.39737053930775423,0.46469488287681854,-0.08714781348075669,324.8714528359942,-26.65056106720704,-324.7999008427802,30,,,1.0,,0.003,0.003,45
donchian_breakout,95,3836,0.28258602711157454,0.4645708247617658,-0.08081015909475552,310.3605507369579,-3.1090138930393634,-309.98777028748214,10,,,1.5,,0.006,0.002,30
donchian_breakout,96,3909,0.32719365566641084,0.4645078003150132,-0.08151633939098256,318.64737067935516,-5.929742576381417,-318.64737067935084,10,,,1.5,,0.004,0.0025,30
donchian_breakout,97,4565,0.28389923329682365,0.4638820814611417,-0.08028406791837275,366.74445416272664,-1.2972889629568267,-366.4967700473716,10,,,1.0,,0.006,0.002,30
donchian_breakout,98,3604,0.379023307436182,0.4636691179907949,-0.08420260935829017,303.46620412728015,-15.152265033291105,-303.46620412727776,20,,,1.5,,0.003,0.0025,45
donchian_breakout,99,3241,0.2912681271212589,0.4628221344380168,-0.08551862622823558,278.8179334166403,-17.893024815637773,-277.1658676057115,30,,,1.5,,0.006,0.0025,30
donchian_breakout,100,4051,0.3991607010614663,0.46279134037309577,-0.08739571450911503,354.11159146964025,-29.97202828774006,-354.04003947642497,20,,,1.0,,0.003,0.003,45
donchian_breakout,101,3546,0.2805978567399887,0.4625694864164771,-0.08103568553653676,287.48069124441867,-3.67401051676606,-287.35254091255933,30,,,1.2,,0.006,0.002,30
donchian_breakout,102,3378,0.3762581409117821,0.4622945129742481,-0.08463545077372203,285.89855271363444,-15.664818641089466,-285.898552713633,30,,,1.5,,0.003,0.0025,45
donchian_breakout,103,3446,0.3546140452698781,0.46227299551550904,-0.07994130260906472,275.4777287908398,0.20235215002299994,-275.47772879083703,30,,,1.5,,0.003,0.002,45
donchian_breakout,104,4148,0.32497589199614274,0.4621646067715907,-0.0820354017994701,340.32676937492835,-8.446225154263642,-340.28284666420194,20,,,1.0,,0.004,0.0025,30
donchian_breakout,105,3670,0.3103542234332425,0.46207009812307265,-0.0786518929423614,288.65244709846917,4.94953271461956,-288.6524470984663,20,,,1.5,,0.004,0.002,30
donchian_breakout,106,3888,0.3773148148148148,0.46193017228397504,-0.08457236108550811,328.8173399004604,-17.78445368192828,-328.8173399004555,10,,,1.5,,0.003,0.0025,45
donchian_breakout,107,4433,0.3135574103316039,0.4616401275949813,-0.07825341258635708,346.9697459091068,7.745720292796205,-346.89737799532094,10,,,1.2,,0.004,0.002,30
donchian_breakout,108,3641,0.325460038450975,0.4616051842183008,-0.08224379967041397,299.6963182807837,-8.172943777488246,-299.44967459997724,30,,,1.2,,0.004,0.0025,30
donchian_breakout,109,4016,0.3112549800796813,0.4610970067895179,-0.07852125107255836,315.3852670181187,5.9410321054478255,-315.34134430739437,20,,,1.2,,0.004,0.002,30
donchian_breakout,110,4108,0.33617332035053554,0.4609956270210272,-0.08487496648620299,348.7102850360473,-20.034376075752153,-348.66636232532187,20,,,1.0,,0.004,0.003,30
donchian_breakout,111,3217,0.3005906123717749,0.4606410413981348,-0.08869653574520188,287.0883775132794,-27.98795067258349,-285.33675549231447,30,,,1.5,,0.006,0.003,30
donchian_breakout,112,3608,0.3356430155210643,0.460244460947434,-0.0852876210071589,308.0093568675768,-19.085370742126166,-307.71773659382933,30,,,1.2,,0.004,0.003,30
donchian_breakout,113,3685,0.35522388059701493,0.45958765407226904,-0.08056727407614805,296.8904049706084,-2.091241467192456,-296.8904049706056,20,,,1.5,,0.003,0.002,45
donchian_breakout,114,4434,0.35678845286423094,0.45936461043778176,-0.08061865901405936,357.53468606155354,-2.7442317610436238,-357.46313406833923,10,,,1.2,,0.003,0.002,45
donchian_breakout,115,3782,0.37757800105764144,0.4591401677932417,-0.08508503589292542,321.863157740258,-19.239301467631005,-321.79160574704395,30,,,1.0,,0.003,0.0025,45
donchian_breakout,116,4613,0.3789291133752439,0.4588804419242331,-0.08526424694077292,393.39552313100387,-24.29368861323074,-393.32397113778546,10,,,1.0,,0.003,0.0025,45
donchian_breakout,117,3376,0.3222748815165877,0.45884646132304924,-0.08320604755142706,281.0282883219672,-10.827947712702846,-280.90361653361776,30,,,1.5,,0.004,0.0025,30
donchian_breakout,118,3350,0.3325373134328358,0.45846493277600614,-0.08594886274350308,288.098338572026,-19.936664856677986,-287.9286901907353,30,,,1.5,,0.004,0.003,30
donchian_breakout,119,3984,0.31099397590361444,0.4582415702361202,-0.07917781880670607,315.45531654834093,3.276880626333568,-315.444430125917,10,,,1.5,,0.004,0.002,30
donchian_breakout,120,4118,0.38003885381253033,0.45820936598508594,-0.08524798045680766,351.12273551434987,-21.619831453715427,-351.05118352113396,20,,,1.0,,0.003,0.0025,45
donchian_breakout,121,3296,0.2766990291262136,0.457964779499695,-0.08237921179208782,271.93670114043675,-7.845020074751344,-271.52188206672145,30,,,1.5,,0.006,0.002,30
donchian_breakout,122,3429,0.3073782443861184,0.4576847576768052,-0.07955534513955954,273.17698632268076,1.5253316491099689,-272.7952784835497,30,,,1.5,,0.004,0.002,30
donchian_breakout,123,3701,0.27803296406376654,0.45756132730622723,-0.08189492465893122,303.22126649456396,-7.0159225317171545,-303.09311616270446,30,,,1.0,,0.006,0.002,30
donchian_breakout,124,3768,0.3333333333333333,0.4571228811215851,-0.08583735141205,323.47906283132886,-22.00394169728328,-323.4351401206044,30,,,1.0,,0.004,0.003,30
donchian_breakout,125,3804,0.32229232386961093,0.45667346027607786,-0.08322006850439716,316.61306330145146,-12.254042207609775,-316.56914059072676,30,,,1.0,,0.004,0.0025,30
donchian_breakout,126,4034,0.35671789786812097,0.4563992437404936,-0.0811303532683097,327.35139707757486,-4.561669752262219,-327.27984508436134,20,,,1.2,,0.003,0.002,45
donchian_breakout,127,3718,0.35502958579881655,0.45634664719487994,-0.08117781540213785,301.89066965836184,-4.380870013153827,-301.81911766514855,30,,,1.2,,0.003,0.002,45
donchian_breakout,128,4773,0.31112507856693905,0.4556674904254431,-0.07930624365999864,378.53206028717403,3.3126240604507067,-378.5287009891735,10,,,1.0,,0.004,0.002,30
donchian_breakout,129,3700,0.3083783783783784,0.45546018034007685,-0.07973385834270258,295.5668816957741,0.9851181792721722,-295.01527586799955,30,,,1.2,,0.004,0.002,30
donchian_breakout,130,4227,0.30778329784717295,0.4549013608252261,-0.0797386234523231,337.0990840436946,1.1052807793419837,-337.05516133296976,20,,,1.0,,0.004,0.002,30
donchian_breakout,131,3988,0.3520561685055166,0.4544975552020127,-0.08166086812560283,325.66354208490753,-6.6261925619288276,-325.66354208490407,10,,,1.5,,0.003,0.002,45
donchian_breakout,132,4751,0.35318880235739847,0.45144891081825234,-0.08217596833979865,390.48957757559873,-10.34216244736234,-390.4180255823834,10,,,1.0,,0.003,0.002,45
donchian_breakout,133,3872,0.3047520661157025,0.44859649000570706,-0.081079287857561,313.98292529520035,-4.180674854417901,-313.93900258447616,30,,,1.0,,0.004,0.002,30
donchian_breakout,134,3877,0.3510446221305133,0.44780732358964015,-0.08304466497107423,322.03571808606813,-11.808889648714265,-321.9641660928548,30,,,1.0,,0.003,0.002,45
donchian_breakout,135,4551,0.36585365853658536,0.4461445225330485,-0.08052360475967943,366.68616455930265,-2.3838788128262376,-366.4629252613011,10,,,1.2,,0.003,0.0025,30
donchian_breakout,136,4228,0.35241248817407755,0.44609002537815157,-0.0832854532125668,352.2024481759463,-13.896454764638271,-352.13089618273244,20,,,1.0,,0.003,0.002,45
donchian_breakout,137,4498,0.37572254335260113,0.4442872765697586,-0.08343269412640383,375.50349747856524,-15.446436755266545,-375.28025818056443,10,,,1.2,,0.003,0.003,30
donchian_breakout,138,4042,0.2825333993072736,0.44111972279828227,-0.08250309715274975,333.51733074385027,-10.12156731834186,-333.4775186914145,20,,,1.2,,0.006,0.003,20
donchian_breakout,139,4066,0.2752090506640433,0.43956838147090466,-0.08061728743368876,327.8297027578147,-2.5108950634038845,-327.7898907053785,20,,,1.2,,0.006,0.0025,20
donchian_breakout,140,4827,0.3739382639320489,0.4379033422919399,-0.0845379227891139,408.28779260105466,-21.913318630504964,-408.0645533030528,10,,,1.0,,0.003,0.003,30
donchian_breakout,141,3808,0.36160714285714285,0.4378492563755243,-0.082511616332921,314.4274742937621,-9.56806222065147,-314.2042349957632,30,,,1.2,,0.003,0.0025,30
donchian_breakout,142,4491,0.2845691382765531,0.43768106467412204,-0.08249896912021337,370.5426823713147,-11.227361263383624,-370.50287031887825,10,,,1.2,,0.006,0.003,20
donchian_breakout,143,4245,0.2817432273262662,0.4370498551598538,-0.08266413920120595,350.94908296155506,-11.313796427690308,-350.90927090911924,20,,,1.0,,0.006,0.003,20
donchian_breakout,144,4055,0.37139334155363746,0.4366807954197577,-0.08518458388609934,345.64336765813624,-21.031900418300136,-345.42348765813284,10,,,1.5,,0.003,0.003,30
donchian_breakout,145,3779,0.37232071976713416,0.43651968469062985,-0.08536231064435577,322.8074112230192,-20.272280837355396,-322.5841719250205,30,,,1.2,,0.003,0.003,30
donchian_breakout,146,3701,0.2799243447716833,0.43637259178721133,-0.08390185787752479,310.56058805715406,-14.446554626569837,-310.5207760047192,30,,,1.2,,0.006,0.003,20
donchian_breakout,147,4096,0.3603515625,0.43626159874950426,-0.08273035913111722,339.0834310010605,-11.188026211540723,-338.8635510010561,10,,,1.5,,0.003,0.0025,30
donchian_breakout,148,4900,0.36244897959183675,0.4358285082697401,-0.0825511221199088,404.723737685556,-12.505500587788191,-404.5004983875531,10,,,1.0,,0.003,0.0025,30
donchian_breakout,149,4534,0.27701808557565066,0.4346436735766892,-0.08112837824484116,367.8758790145468,-5.1181142077929405,-367.83606696210984,10,,,1.2,,0.006,0.0025,20
donchian_breakout,150,3726,0.273215244229737,0.4346300286070592,-0.08201750311625158,305.6370286635885,-7.520224701033819,-305.5972166111534,30,,,1.2,,0.006,0.0025,20
donchian_breakout,151,3505,0.36861626248216833,0.4335453661793758,-0.08639019609421972,303.01751731024183,-22.40659995022019,-302.79763731024013,30,,,1.5,,0.003,0.003,30
donchian_breakout,152,3943,0.3697692112604616,0.43353322279403333,-0.08585999946020886,338.76921716960294,-23.115223961188036,-338.54597787160355,30,,,1.0,,0.003,0.003,30
donchian_breakout,153,3530,0.35807365439093486,0.4329577299627233,-0.0840562996566276,296.9386177878972,-14.324467574925372,-296.7187377878954,30,,,1.5,,0.003,0.0025,30
donchian_breakout,154,4135,0.3598548972188634,0.4327718646455163,-0.08329092726165253,344.6312235249338,-13.613429598772745,-344.40798422693325,20,,,1.2,,0.003,0.0025,30
donchian_breakout,155,4276,0.2738540692235734,0.4324099776942768,-0.08158067026982042,348.87875812618836,-6.761650734045745,-348.83894607375214,20,,,1.0,,0.006,0.0025,20
donchian_breakout,156,3723,0.27531560569433255,0.4322675232090787,-0.08218737853176789,306.0360278732449,-8.146869021380365,-305.98361027377183,20,,,1.5,,0.006,0.0025,20
donchian_breakout,157,4659,0.34470916505687915,0.4318715674614573,-0.07990680821277733,372.5090587613293,0.4343542783817855,-372.2858194633296,10,,,1.2,,0.003,0.002,30
donchian_breakout,158,3868,0.2797311271975181,0.43138704208232426,-0.08438558254844747,326.4432453498296,-16.97022138594919,-326.4034332973948,30,,,1.0,,0.006,0.003,20
donchian_breakout,159,3586,0.3418851087562744,0.4308517970265939,-0.0805405924185669,289.03844441298315,-1.939340149040483,-288.8185644129809,30,,,1.5,,0.003,0.002,30
donchian_breakout,160,3453,0.2733854619171735,0.43059219181126956,-0.08313132262988433,287.10487464046304,-10.816783754492414,-287.0524570409906,30,,,1.5,,0.006,0.0025,20
donchian_breakout,161,3703,0.2824736699972995,0.43055769604913574,-0.08477944370785154,313.99069764964776,-17.705362195052235,-313.9382800501742,20,,,1.5,,0.006,0.003,20
donchian_breakout,162,3978,0.3574660633484163,0.4302622086750075,-0.08408176039321896,334.70048214222487,-16.24374034036115,-334.47724284422503,30,,,1.0,,0.003,0.0025,30
donchian_breakout,163,3780,0.3582010582010582,0.4300370058234359,-0.08431308702056117,318.923348937724,-16.309992934895213,-318.70346893772125,20,,,1.5,,0.003,0.0025,30
donchian_breakout,164,4104,0.3701267056530214,0.4300161920910461,-0.08651236752760419,355.2699956312873,-26.737451313813086,-355.0467563332876,20,,,1.2,,0.003,0.003,30
donchian_breakout,165,4044,0.2821463897131553,0.4290782264762625,-0.08441367796080758,341.44320762241887,-17.85605609594425,-341.36891367350586,10,,,1.5,,0.006,0.003,20
donchian_breakout,166,3876,0.34262125902992774,0.4290218735448588,-0.08062171273162631,312.7129978457822,-2.4107228369183633,-312.4897585477836,30,,,1.2,,0.003,0.002,30
donchian_breakout,167,3752,0.3686034115138593,0.42893662163927965,-0.08713897425090698,327.1653113894056,-26.79614984934272,-326.945431389403,20,,,1.5,,0.003,0.003,30
donchian_breakout,168,4172,0.3425215723873442,0.4287290759424661,-0.08067157301331083,336.78168261153576,-2.8029237810451986,-336.5618026115328,10,,,1.5,,0.003,0.002,30
donchian_breakout,169,3434,0.28013977868375073,0.42849489114702777,-0.08573484000215419,294.4658581668702,-19.701321095835784,-294.41344056739746,30,,,1.5,,0.006,0.003,20
donchian_breakout,170,4073,0.27473606678124235,0.42840973161131646,-0.08251936313485143,336.32559999716295,-10.265472237144717,-336.1013660482499,10,,,1.5,,0.006,0.0025,20
donchian_breakout,171,3840,0.3416666666666667,0.4276921775278249,-0.08093056469817697,310.99324844100215,-3.5747983603436984,-310.77336844099955,20,,,1.5,,0.003,0.002,30
donchian_breakout,172,3898,0.27244740892765523,0.42709541350250335,-0.08313628512182894,324.1050514573247,-12.230131457472185,-324.0652394048892,30,,,1.0,,0.006,0.0025,20
donchian_breakout,173,4306,0.3685555039479796,0.42699366668342736,-0.0869895694969046,374.80032555167185,-30.10912990563346,-374.5770862536712,20,,,1.0,,0.003,0.003,30
donchian_breakout,174,4211,0.3419615293279506,0.42594385513241956,-0.08090353051017866,340.908006276361,-3.8062894941600045,-340.68476697836235,20,,,1.2,,0.003,0.002,30
donchian_breakout,175,5010,0.34251497005988024,0.4255761670117002,-0.08098067025849336,405.9363972930519,-4.915124044669585,-405.71315799505174,10,,,1.0,,0.003,0.002,30
donchian_breakout,176,4842,0.2829409334985543,0.4255209051711926,-0.08451740562499949,409.27309008868457,-21.88203084858693,-409.2332780362475,10,,,1.0,,0.006,0.003,20
donchian_breakout,177,4346,0.3561895996318454,0.4245617592798238,-0.08504609349259118,369.8335616168026,-21.939097957984472,-369.61032231880125,20,,,1.0,,0.003,0.0025,30
donchian_breakout,178,4051,0.3386818069612441,0.4226230214850603,-0.08189565506613848,331.9825379709259,-7.682371621575615,-331.759298672927,30,,,1.0,,0.003,0.002,30
donchian_breakout,179,4127,0.2599951538647928,0.42234805713858503,-0.08141850360647683,336.0539764363654,-5.856506986724568,-336.0141643839299,20,,,1.2,,0.006,0.002,20
donchian_breakout,180,3776,0.2579449152542373,0.42178030618882867,-0.08194039607586306,309.4467476348943,-7.329867529470724,-309.4069355824589,30,,,1.2,,0.006,0.002,20
donchian_breakout,181,4891,0.27458597423839703,0.42116266113634154,-0.08328394107618022,407.3815678560356,-16.06818307682819,-407.34175580359744,10,,,1.0,,0.006,0.0025,20
donchian_breakout,182,4630,0.3047516198704104,0.42098956736700954,-0.0834897959623331,386.5975673580412,-16.164220993999795,-386.5577553056022,10,,,1.2,,0.004,0.003,20
donchian_breakout,183,3563,0.29722144260454675,0.42084072242966375,-0.08274401504121753,294.8693431913321,-9.78083792702891,-294.8169255918581,30,,,1.5,,0.004,0.0025,20
donchian_breakout,184,3496,0.25886727688787187,0.42075221156686893,-0.08234420477323419,287.9277574867005,-8.198619334960737,-287.87533988722674,30,,,1.5,,0.006,0.002,20
donchian_breakout,185,3543,0.3042619249223822,0.4196119163645172,-0.08525989430689958,302.12822312881906,-18.643262834478964,-302.0758055293452,30,,,1.5,,0.004,0.003,20
donchian_breakout,186,3605,0.2843273231622746,0.41920985839071145,-0.08036056685816391,289.7522611231547,-1.3003636691485292,-289.6998435236809,30,,,1.5,,0.004,0.002,20
donchian_breakout,187,4605,0.26210640608034746,0.41916060641476915,-0.08164203506128921,376.0178629062035,-7.564597296155267,-375.9615714572368,10,,,1.2,,0.006,0.002,20
donchian_breakout,188,4428,0.33830171635049683,0.4186263170290371,-0.08237240067881373,364.9682295037866,-10.50919388334053,-364.7449902057872,20,,,1.0,,0.003,0.002,30
donchian_breakout,189,3773,0.2605353829843626,0.41845644161471024,-0.08229776141787734,310.56187142912466,-8.672922998850755,-310.5094538296512,20,,,1.5,,0.006,0.002,20
donchian_breakout,190,4342,0.2593274988484569,0.41832182441842347,-0.08179291680998416,355.1846568413863,-7.787959972940369,-355.1448447889512,20,,,1.0,,0.006,0.002,20
donchian_breakout,191,3856,0.2946058091286307,0.41776507513896843,-0.08316152093970054,320.71063679592254,-12.195703024695195,-320.6708247434853,30,,,1.2,,0.004,0.0025,20
donchian_breakout,192,3830,0.30156657963446476,0.4173370966645566,-0.08551139428715704,327.54845217224766,-21.11708695459324,-327.50864011981145,30,,,1.2,,0.004,0.003,20
donchian_breakout,193,4677,0.2965576224075262,0.41689090271534673,-0.082268127824323,384.8078458867987,-10.612278745856944,-384.7680338343586,10,,,1.2,,0.004,0.0025,20
donchian_breakout,194,4202,0.2950975725844836,0.41688468928868677,-0.08260150366985744,347.13133047317905,-10.935892777852112,-347.09151842074095,20,,,1.2,,0.004,0.0025,20
donchian_breakout,195,3952,0.25733805668016196,0.4160822230053622,-0.08267867330877784,326.7859289687251,-10.590353057513047,-326.74611691629,30,,,1.0,,0.006,0.002,20
donchian_breakout,196,4176,0.3022030651340996,0.4157830799724222,-0.08507491668276515,355.31266411966493,-21.201332600267392,-355.2728520672273,20,,,1.2,,0.004,0.003,20
donchian_breakout,197,3839,0.29643136233394113,0.41532588629361866,-0.08310834840349518,319.1053671204935,-11.937724610862315,-319.052949521018,20,,,1.5,,0.004,0.0025,20
donchian_breakout,198,4131,0.2602275478092472,0.41457261328094586,-0.08267099184822466,341.5662849244885,-11.038282638071273,-341.51386732501607,10,,,1.5,,0.006,0.002,20
donchian_breakout,199,3818,0.3040859088528025,0.4145670896694606,-0.0855676498796727,326.7497048400655,-21.2657935580136,-326.6972872405904,20,,,1.5,,0.004,0.003,20
donchian_breakout,200,4429,0.2937457665387221,0.4136981566516852,-0.08324650609379661,368.73858754186375,-14.384529301145616,-368.69877548942515,20,,,1.0,,0.004,0.0025,20
donchian_breakout,201,4400,0.3009090909090909,0.41329220346715073,-0.08552554839366906,376.3522249845823,-24.322141788859433,-376.3124129321439,20,,,1.0,,0.004,0.003,20
donchian_breakout,202,4016,0.30104581673306774,0.4129773036873251,-0.0863600023642224,346.86158154715395,-25.55199029083348,-346.82176949471716,30,,,1.0,,0.004,0.003,20
donchian_breakout,203,3906,0.2805939580133128,0.4126303564680022,-0.08146126424394834,318.22751018929847,-5.709982129714052,-318.1876981368622,30,,,1.2,,0.004,0.002,20
donchian_breakout,204,4044,0.29376854599406527,0.41247158155590563,-0.08420682637131527,340.5722178980363,-17.019213531011342,-340.53240584559893,30,,,1.0,,0.004,0.0025,20
donchian_breakout,205,3885,0.28365508365508363,0.41187577092662236,-0.08123420631892693,315.64730914850554,-4.7968102731403235,-315.5948915490311,20,,,1.5,,0.004,0.002,20
donchian_breakout,206,4964,0.2610797743755036,0.411246715277964,-0.08264040491380473,410.2667820445626,-13.112214878077914,-410.22696999212667,10,,,1.0,,0.006,0.002,20
donchian_breakout,207,4161,0.3020908435472242,0.41119869452304614,-0.08558926807106641,356.1893620431827,-23.266250944084977,-356.13694444370736,10,,,1.5,,0.004,0.003,20
donchian_breakout,208,5009,0.301856658015572,0.41022532662557054,-0.08581196852639118,429.87196240113315,-29.123799868640855,-429.8321503486934,10,,,1.0,,0.004,0.003,20
donchian_breakout,209,4260,0.28145539906103284,0.40985074864749127,-0.08140437145927365,346.82243446894296,-5.985016423075014,-346.7826224165058,20,,,1.2,,0.004,0.002,20
donchian_breakout,210,3662,0.3394320043691972,0.4095253220744474,-0.0833326347182556,305.38398833825426,-12.208991935026015,-305.164108338252,30,,,1.5,,0.003,0.003,20
donchian_breakout,211,4191,0.294201861130995,0.40924244688823164,-0.08384440229949579,351.444307636663,-16.118337372135716,-351.39189003718684,10,,,1.5,,0.004,0.0025,20
donchian_breakout,212,4747,0.282704866231304,0.4090558374208572,-0.0813252466345304,386.090757826554,-6.293463159379618,-386.05094577411586,10,,,1.2,,0.004,0.002,20
donchian_breakout,213,3682,0.33079847908745247,0.40860768704197703,-0.08150567496656805,300.32377522690604,-5.546113672372515,-300.10389522690355,30,,,1.5,,0.003,0.0025,20
donchian_breakout,214,3961,0.33678364049482457,0.4081427419593531,-0.08326720167448559,330.028660285603,-12.946564458420756,-329.8213858326374,30,,,1.2,,0.003,0.003,20
donchian_breakout,215,5060,0.29367588932806327,0.40777635465224027,-0.08409996104931651,425.5856149619828,-20.75410455136205,-425.5458029095415,10,,,1.0,,0.004,0.0025,20
donchian_breakout,216,3984,0.32831325301204817,0.40719029516380023,-0.08146267351301825,324.75456572883064,-5.829623125114753,-324.5472912758647,30,,,1.2,,0.003,0.0025,20
donchian_breakout,217,4099,0.2793364235179312,0.4061640511678933,-0.0825633416956256,338.4669496628054,-10.51134214722816,-338.4271376103693,30,,,1.0,,0.004,0.002,20
donchian_breakout,218,4494,0.27992879394748554,0.40564348437688635,-0.08210349195967119,369.0129049191995,-9.456875617009112,-368.97309286676233,20,,,1.0,,0.004,0.002,20
donchian_breakout,219,4248,0.2813088512241055,0.4040330894671283,-0.08234646615138606,349.86020581056243,-9.971776921856737,-349.807788211088,10,,,1.5,,0.004,0.002,20
donchian_breakout,220,4793,0.3359065303567703,0.40341774231978106,-0.08327772208068092,399.3573963856717,-15.716408496102105,-399.15012193270366,10,,,1.2,,0.003,0.003,20
donchian_breakout,221,3725,0.316241610738255,0.40338181116838484,-0.07972540350248544,297.19700804676063,1.023281265748039,-296.97712804675825,30,,,1.5,,0.003,0.002,20
donchian_breakout,222,4833,0.32733291951169047,0.4018151979725564,-0.081647112647931,394.8077698804196,-7.963680899810417,-394.6004954274505,10,,,1.2,,0.003,0.0025,20
donchian_breakout,223,5132,0.2803975058456742,0.4009831422903327,-0.08265692392580946,424.23514563969275,-13.640789903215406,-424.19533358725414,10,,,1.0,,0.004,0.002,20
donchian_breakout,224,4342,0.3263473053892216,0.4005623477102837,-0.08212890894680558,356.8109970999967,-9.247421615676075,-356.6037226470298,20,,,1.2,,0.003,0.0025,20
donchian_breakout,225,3966,0.3285426122037317,0.39974488362164406,-0.08264590131733754,327.99352462456454,-10.49784376206553,-327.7736446245607,20,,,1.5,,0.003,0.0025,20
donchian_breakout,226,4320,0.33449074074074076,0.3996529094449493,-0.08440912781596559,364.85470661793806,-19.055054186645993,-364.64743216497135,20,,,1.2,,0.003,0.003,20
donchian_breakout,227,4153,0.3339754394413677,0.3993034905069086,-0.08501269379117399,353.26499176771136,-20.826047733839054,-353.05771731474556,30,,,1.0,,0.003,0.003,20
donchian_breakout,228,3947,0.33696478337978214,0.39882442026091014,-0.0849798835790383,335.63548048646794,-19.66346587281326,-335.41560048646414,20,,,1.5,,0.003,0.003,20
donchian_breakout,229,4302,0.33542538354253837,0.3986965387021505,-0.08452291789988012,363.8374728052885,-19.46537895686702,-363.6175928052843,10,,,1.5,,0.003,0.003,20
donchian_breakout,230,4329,0.3268653268653269,0.3978418235753688,-0.08265699699514338,358.0420199919803,-11.50674268905132,-357.8221399919757,10,,,1.5,,0.003,0.0025,20
donchian_breakout,231,4038,0.31203566121842496,0.3973611536391802,-0.08066124354643503,325.9173758934696,-2.671169908468059,-325.7101014405047,30,,,1.2,,0.003,0.002,20
donchian_breakout,232,4178,0.3250359023456199,0.39701002272762964,-0.08348579702975241,349.0109344432719,-14.569487785419746,-348.80365999030556,30,,,1.0,,0.003,0.0025,20
donchian_breakout,233,4013,0.31447794667331175,0.3940805506555682,-0.08111909208146487,325.75079652292146,-4.492713608361849,-325.5309165229185,20,,,1.5,,0.003,0.002,20
donchian_breakout,234,4554,0.3309178743961353,0.3923275518199353,-0.08580170216261272,390.94822610150567,-26.43152425824159,-390.7409516485383,20,,,1.0,,0.003,0.003,20
donchian_breakout,235,4580,0.3222707423580786,0.39140727214317733,-0.0839567882803091,384.7293647767835,-18.12934206063994,-384.5220903238157,20,,,1.0,,0.003,0.0025,20
donchian_breakout,236,5184,0.3315972222222222,0.39128041556610926,-0.0858634353827056,445.3233234769146,-30.408212308869356,-445.11604902394583,10,,,1.0,,0.003,0.003,20
donchian_breakout,237,4402,0.3109950022716947,0.3909496950017252,-0.08143002259712762,358.6622339255214,-6.297478463941319,-358.45495947255574,20,,,1.2,,0.003,0.002,20
donchian_breakout,238,4908,0.3117359413202934,0.3904840213224053,-0.08142689903409836,399.85049491232166,-7.006022868502186,-399.6432204593548,10,,,1.2,,0.003,0.002,20
donchian_breakout,239,5229,0.3230063109581182,0.3904780354317128,-0.08398133270915106,439.3456631891213,-20.826719423920483,-439.13838873615094,10,,,1.0,,0.003,0.0025,20
donchian_breakout,240,4386,0.3125854993160055,0.3902468130665446,-0.08161165664503642,358.1686060451327,-7.0715546669965255,-357.9487260451297,10,,,1.5,,0.003,0.002,20
donchian_breakout,241,4233,0.3097094259390503,0.39002506628177297,-0.08194992106532445,347.10129032248335,-8.257318797037208,-346.8940158695184,30,,,1.0,,0.003,0.002,20
donchian_breakout,242,4642,0.3076260232658337,0.3838749192331333,-0.0826668359346527,383.94672686162374,-12.38440617112625,-383.7394524086578,20,,,1.0,,0.003,0.002,20
donchian_breakout,243,5303,0.30869319253252875,0.38306529165958086,-0.08265574507355941,438.53069057805277,-14.089051745783863,-438.32341612508554,10,,,1.0,,0.003,0.002,20
