strategy,timeframe,rank,total_trades,win_rate,profit_factor,expectancy,max_drawdown,gross_pnl,net_pnl,lookback,rsi_threshold,distance_from_ema20,volume_ratio,bb_std_multiplier,take_profit_pct,stop_loss_pct,max_holding_candles
donchian_breakout,15m,1,507,0.4477317554240631,0.9116338920110867,-0.034056105858412476,30.378911432535542,23.302875479976862,-17.266445670215127,3,,,0.4,,0.012,0.008,24
donchian_breakout,15m,2,475,0.4378947368421053,0.9114246068625956,-0.03416602912207052,30.489019461612706,21.779848106259006,-16.228863832983496,3,,,0.6,,0.012,0.008,24
donchian_breakout,15m,3,472,0.4300847457627119,0.9111199926063879,-0.03799729880883771,34.10252900557459,19.833208245526805,-17.9347250377714,3,,,0.4,,0.012,0.008,36
donchian_breakout,15m,4,522,0.4846743295019157,0.9048471133993479,-0.03782151851581663,34.062547149058716,22.025977725834046,-19.74283266525628,3,,,0.4,,0.009,0.008,36
donchian_breakout,15m,5,441,0.4421768707482993,0.9021927679409467,-0.038541718351749105,21.87114449012708,18.290418374228334,-16.996897793121356,3,,,0.8,,0.012,0.008,24
donchian_breakout,15m,6,491,0.48676171079429736,0.8972520601890296,-0.041437329287080195,34.734561226724665,18.941848059267322,-20.345728679956377,3,,,0.6,,0.009,0.008,36
donchian_breakout,15m,7,444,0.43018018018018017,0.8846109589318355,-0.050044735449788824,36.44290628286136,13.305459644151416,-22.219862539706238,3,,,0.6,,0.012,0.008,36
donchian_breakout,15m,8,513,0.4678362573099415,0.8751599408427638,-0.046728735595575596,37.30980949307639,17.07498863492368,-23.97184136053028,3,,,0.6,,0.009,0.008,24
donchian_breakout,15m,9,460,0.4782608695652174,0.8718657220140771,-0.05256054271752976,30.976369287761727,12.627201230428478,-24.17784965006369,3,,,0.8,,0.009,0.008,36
donchian_breakout,15m,10,413,0.423728813559322,0.861010574766445,-0.061538954971273534,29.449490198155424,7.627462581896784,-25.41558840313597,3,,,0.8,,0.012,0.008,36
donchian_breakout,15m,11,546,0.47619047619047616,0.8598805465312676,-0.05247277596608085,40.35567314908897,15.035878673989448,-28.650135677480144,3,,,0.4,,0.009,0.008,24
donchian_breakout,15m,12,457,0.4726477024070022,0.8476144890514148,-0.06326421732945149,38.7542080579041,7.651313205722949,-28.911747319559332,5,,,0.6,,0.009,0.008,36
donchian_breakout,15m,13,406,0.42857142857142855,0.8447749887478394,-0.06367861937187765,32.487126161988044,6.629132187892829,-25.853519464982327,3,,,1.0,,0.012,0.008,24
donchian_breakout,15m,14,442,0.4321266968325792,0.8439047602897612,-0.0624425827611725,35.777653569493644,7.763483813086985,-27.599621580438246,5,,,0.6,,0.012,0.008,24
donchian_breakout,15m,15,474,0.4620253164556962,0.8384364809029226,-0.06255988226413378,37.59578107159615,8.269923776311108,-29.65338419319941,5,,,0.6,,0.009,0.008,24
donchian_breakout,15m,16,416,0.43509615384615385,0.8381392422243554,-0.06502928606894999,30.444132380225327,6.230309118964389,-27.052183004683194,5,,,0.8,,0.012,0.008,24
donchian_breakout,15m,17,433,0.4665127020785219,0.8364689748918207,-0.06702551500896296,37.27154849627223,5.62020008115149,-29.022047998880964,8,,,0.4,,0.009,0.008,36
donchian_breakout,15m,18,481,0.46361746361746364,0.8362725484781105,-0.06760597166867996,44.87081504801396,5.963913192641993,-32.51847237263506,5,,,0.4,,0.009,0.008,36
donchian_breakout,15m,19,483,0.45962732919254656,0.8348571658669448,-0.06422065117671007,36.271175011161496,7.624475271757736,-31.018574518350963,3,,,0.8,,0.009,0.008,24
donchian_breakout,15m,20,537,0.41154562383612664,0.8335116128600497,-0.06306036644114198,47.87853641659116,9.100223310430932,-33.86341677889324,3,,,0.6,,0.009,0.006,36
donchian_breakout,15m,21,397,0.4181360201511335,0.8297974258766435,-0.07570067677379343,38.0324234608511,1.7075143265346173,-30.05316867919599,8,,,0.4,,0.012,0.008,36
donchian_breakout,15m,22,520,0.3576923076923077,0.8289992386885643,-0.06887524036261723,48.13537544809623,5.7871898873939935,-35.81512498856096,3,,,0.4,,0.012,0.006,36
donchian_breakout,15m,23,417,0.47002398081534774,0.82857285963488,-0.0717221893190401,37.026114933142445,3.45322834529839,-29.908152946039724,8,,,0.6,,0.009,0.008,36
donchian_breakout,15m,24,461,0.4316702819956616,0.826042998306568,-0.06955541769126482,41.42483295788858,4.816879196005316,-32.06504755567308,5,,,0.4,,0.012,0.008,24
donchian_breakout,15m,25,552,0.4148550724637681,0.8245296460606872,-0.06335997757030205,45.70555952900557,9.188967968380615,-34.97470761880673,3,,,0.6,,0.009,0.006,24
donchian_breakout,15m,26,577,0.4072790294627383,0.8244538757831013,-0.06630131331419717,51.991217419989724,7.90730513976413,-38.25585778229177,3,,,0.4,,0.009,0.006,36
donchian_breakout,15m,27,422,0.46445497630331756,0.8213683763931794,-0.0758652365554882,41.31826423028963,1.7455684009443477,-32.01512982641602,3,,,1.0,,0.009,0.008,36
donchian_breakout,15m,28,603,0.3383084577114428,0.8203289934152429,-0.054871664773669136,40.88135587199976,15.158449521286025,-33.08761385852249,3,,,0.6,,0.009,0.004,24
donchian_breakout,15m,29,548,0.38321167883211676,0.8183007840066306,-0.06818483467753318,47.98402634043161,6.4773015173187485,-37.36528940328818,3,,,0.4,,0.012,0.006,24
donchian_breakout,15m,30,500,0.46,0.8144128715029268,-0.07171442035263273,46.14659904877311,4.1444476027247195,-35.857210176316364,5,,,0.4,,0.009,0.008,24
donchian_breakout,15m,31,399,0.46365914786967416,0.8141760162773608,-0.07825688032238183,35.18397723573313,0.6957830645954812,-31.22449524863035,8,,,0.8,,0.009,0.008,36
donchian_breakout,15m,32,486,0.360082304526749,0.8132128737816985,-0.07574023929358993,46.8839487482035,2.0710721321681644,-36.809756296684704,3,,,0.6,,0.012,0.006,36
donchian_breakout,15m,33,419,0.4152744630071599,0.8130244597012373,-0.0838953189757722,42.69787472017631,-1.6327917675555745,-35.15213865084855,5,,,0.6,,0.012,0.008,36
donchian_breakout,15m,34,595,0.3277310924369748,0.8116430036898278,-0.05959413157015836,45.05322828424399,12.146350255858117,-35.458508284244225,3,,,0.6,,0.009,0.004,36
donchian_breakout,15m,35,377,0.4244031830238727,0.8097596253996067,-0.08554767310161994,35.80506209118442,-2.0923096831839945,-32.251472759310715,10,,,0.4,,0.012,0.008,36
donchian_breakout,15m,36,437,0.4096109839816934,0.8096795827409651,-0.08541284523220194,46.63736744381646,-2.366359910436429,-37.32541336647225,5,,,0.4,,0.012,0.008,36
donchian_breakout,15m,37,440,0.45454545454545453,0.8093039796639191,-0.07603542918090854,42.0952020074035,1.7451092040818716,-33.455588839599756,3,,,1.0,,0.009,0.008,24
donchian_breakout,15m,38,568,0.4278169014084507,0.8088221977356038,-0.05804080743723649,37.0480872919821,12.477812500649929,-32.967178624350325,5,,,0.4,,0.009,0.008,12
donchian_breakout,15m,39,592,0.4172297297297297,0.8086985234771144,-0.06865314426502563,51.86832531606967,6.720026605747121,-40.64266140489517,3,,,0.4,,0.009,0.006,24
donchian_breakout,15m,40,432,0.45601851851851855,0.8082754243139426,-0.07487485211192693,38.69287567745794,2.214949867594602,-32.34593611235243,8,,,0.6,,0.009,0.008,24
donchian_breakout,15m,41,451,0.458980044345898,0.808141377090835,-0.07546323817128983,37.782125455489265,2.0468983440859123,-34.033920415251714,5,,,0.8,,0.009,0.008,24
donchian_breakout,15m,42,435,0.45977011494252873,0.8064322466191095,-0.08232206123083068,40.62240565281714,-1.010500835745643,-35.81009663541134,5,,,0.8,,0.009,0.008,36
donchian_breakout,15m,43,498,0.4036144578313253,0.8053192424615243,-0.07484597637461747,45.67117587225753,2.5677308577836118,-37.2732962345595,3,,,0.8,,0.009,0.006,36
donchian_breakout,15m,44,623,0.492776886035313,0.8049405238711584,-0.053379504548712785,39.12948262870674,16.591205148211213,-33.255431333848065,3,,,0.6,,0.006,0.008,12
donchian_breakout,15m,45,533,0.43151969981238275,0.8043578488465073,-0.06033346688225355,35.568917972372006,10.486456734452638,-32.15773784824114,5,,,0.6,,0.009,0.008,12
donchian_breakout,15m,46,594,0.44276094276094274,0.8043227738983537,-0.05977940471878937,42.30390822917303,12.01583993301231,-35.50896640296089,3,,,0.6,,0.009,0.008,12
donchian_breakout,15m,47,367,0.4141689373297003,0.8024705949298349,-0.08963604341759522,34.81005296659689,-3.537843071486047,-32.896427934257446,8,,,0.8,,0.012,0.008,36
donchian_breakout,15m,48,354,0.423728813559322,0.8019621956029387,-0.09001643897929261,34.76524129981361,-3.5472382939871814,-31.865819398669583,10,,,0.8,,0.012,0.008,36
donchian_breakout,15m,49,504,0.4107142857142857,0.8006210127206688,-0.0730237689869229,45.13326181741537,3.5174274015514824,-36.80397956940914,5,,,0.6,,0.009,0.006,24
donchian_breakout,15m,50,558,0.4874551971326165,0.800607238675802,-0.055421714036034554,33.33716971008361,13.720171636547331,-30.92531643210728,5,,,0.6,,0.006,0.008,12
donchian_breakout,15m,51,512,0.375,0.8004997075202344,-0.07604552562201769,46.39491901049196,2.0255010819597223,-38.93530911847306,3,,,0.6,,0.012,0.006,24
donchian_breakout,15m,52,489,0.5357873210633947,0.7997990102935906,-0.06570753195850226,35.625522448696664,6.9918135977314755,-32.13098312770761,8,,,0.4,,0.006,0.008,24
donchian_breakout,15m,53,395,0.41012658227848103,0.7990870883419754,-0.09132244244828513,38.91724046932194,-4.474154428844169,-36.07236476707263,5,,,0.8,,0.012,0.008,36
donchian_breakout,15m,54,449,0.45434298440979953,0.7989031452716243,-0.07770182297858907,41.530044598696826,1.0322944003736503,-34.888118517386495,8,,,0.4,,0.009,0.008,24
donchian_breakout,15m,55,527,0.48956356736242884,0.7988787745905006,-0.056454890904020075,30.789899045240897,12.413237788696891,-29.75172750641858,5,,,0.8,,0.006,0.008,12
donchian_breakout,15m,56,514,0.5311284046692607,0.7988750798823115,-0.0667054328711652,39.449847407298144,6.836141961005483,-34.28659249577891,5,,,0.6,,0.006,0.008,24
donchian_breakout,15m,57,566,0.5335689045936396,0.7988258919222745,-0.066462177768979,47.1903896662941,7.665473572186749,-37.61759261724212,3,,,0.6,,0.006,0.008,24
donchian_breakout,15m,58,643,0.43390357698289267,0.7985789867812497,-0.0609746184301441,46.0521192038768,12.238215635671608,-39.20667965058266,3,,,0.4,,0.009,0.008,12
donchian_breakout,15m,59,419,0.4224343675417661,0.7983595552052123,-0.08131655294653017,40.15855806242436,-0.5518564271670181,-34.071635684596146,8,,,0.4,,0.012,0.008,24
donchian_breakout,15m,60,492,0.40447154471544716,0.79785306915437,-0.0775799335765534,49.17883633707,1.1911491399917193,-38.169327319664276,5,,,0.6,,0.009,0.006,36
donchian_breakout,15m,61,452,0.3561946902654867,0.7978131846494744,-0.08305377488001352,42.90560198979858,-1.3808585892017942,-37.54030624576611,3,,,0.8,,0.012,0.006,36
donchian_breakout,15m,62,644,0.32298136645962733,0.796133482686703,-0.0643983501302651,52.366737483890454,10.051483109353025,-41.47253748389072,3,,,0.4,,0.009,0.004,36
donchian_breakout,15m,63,602,0.3023255813953488,0.7959040083097967,-0.06487410502356068,49.071755219595886,9.109432548836008,-39.05421122418353,3,,,0.4,,0.012,0.004,24
donchian_breakout,15m,64,479,0.5469728601252609,0.7946493965879179,-0.07196569042604375,38.12253807789095,3.8499742756352893,-34.471565714074956,8,,,0.4,,0.006,0.008,36
donchian_breakout,15m,65,387,0.4134366925064599,0.7942868151814707,-0.09391023913848037,41.160202959462595,-5.385416713277218,-36.3432625465919,8,,,0.6,,0.012,0.008,36
donchian_breakout,15m,66,546,0.3241758241758242,0.7938611394704268,-0.06588156079412509,40.64821219359208,7.711752507410668,-35.971332193592296,3,,,0.8,,0.009,0.004,36
donchian_breakout,15m,67,489,0.5337423312883436,0.792371656826033,-0.06943078535466667,37.24089747871277,5.170414127218884,-33.951654038432,5,,,0.8,,0.006,0.008,24
donchian_breakout,15m,68,655,0.33129770992366414,0.792188193689244,-0.0638158233369475,50.892586299177864,10.604877665365537,-41.79936428570061,3,,,0.4,,0.009,0.004,24
donchian_breakout,15m,69,578,0.2768166089965398,0.7920541363950225,-0.06938306206322598,51.30181964112868,6.139045745753691,-40.10340987254461,3,,,0.4,,0.012,0.004,36
donchian_breakout,15m,70,504,0.4365079365079365,0.7919993362231534,-0.06470676973622745,34.17694551975907,7.710872401902124,-32.61221194705863,8,,,0.4,,0.009,0.008,12
donchian_breakout,15m,71,378,0.4603174603174603,0.7919180347637207,-0.08900818790132033,39.22951177997742,-3.406457609742983,-33.64509502669908,8,,,1.0,,0.009,0.008,36
donchian_breakout,15m,72,470,0.5340425531914894,0.7912499487258555,-0.06968397712516887,36.04071268911014,4.850470939546443,-32.751469248829366,8,,,0.6,,0.006,0.008,24
donchian_breakout,15m,73,414,0.45652173913043476,0.790966138784416,-0.08355219870302773,40.03700714359571,-1.4711987425505013,-34.59061026305348,5,,,1.0,,0.009,0.008,24
donchian_breakout,15m,74,388,0.4072164948453608,0.7904934906932348,-0.09703931340747561,42.7695810670721,-6.61389916176525,-37.65125360210054,3,,,1.0,,0.012,0.008,36
donchian_breakout,15m,75,395,0.42025316455696204,0.7901384294510679,-0.08567243677476065,36.354531702468286,-2.2415091296823295,-33.840612526030455,10,,,0.4,,0.012,0.008,24
donchian_breakout,15m,76,556,0.302158273381295,0.789962482406293,-0.06684297099947643,45.265474698017506,7.3182354184584915,-37.1646918757089,3,,,0.6,,0.012,0.004,24
donchian_breakout,15m,77,452,0.5353982300884956,0.7899074653590452,-0.07060069681513,33.80131840071951,4.250185113606675,-31.91151496043876,8,,,0.8,,0.006,0.008,24
donchian_breakout,15m,78,406,0.4187192118226601,0.7896610556221871,-0.08597223648574771,39.57714387483697,-2.425698292530587,-34.90472801321357,8,,,0.6,,0.012,0.008,24
donchian_breakout,15m,79,386,0.41968911917098445,0.789154641690839,-0.08693132026247136,35.82791899685606,-2.676560245412113,-33.555489621313946,8,,,0.8,,0.012,0.008,24
donchian_breakout,15m,80,503,0.5487077534791253,0.7882880301026298,-0.07507657402480465,43.707166737755934,2.4774742552253377,-37.76351673447674,5,,,0.6,,0.006,0.008,36
donchian_breakout,15m,81,600,0.48,0.7874269664850757,-0.058615017678555884,37.63626753353341,12.836123842403422,-35.16901060713353,5,,,0.4,,0.006,0.008,12
donchian_breakout,15m,82,535,0.2803738317757009,0.7871977317188298,-0.07106635310882121,47.54590276761971,4.7814136522415485,-38.02049891321935,3,,,0.6,,0.012,0.004,36
donchian_breakout,15m,83,383,0.4621409921671018,0.7871703966966089,-0.0919026610266894,39.91780116032482,-4.5605433905782755,-35.19871917322204,10,,,0.8,,0.009,0.008,36
donchian_breakout,15m,84,548,0.5474452554744526,0.7864948574111451,-0.07532605913784018,51.172722131754696,2.562344530275676,-41.27868040753642,3,,,0.6,,0.006,0.008,36
donchian_breakout,15m,85,514,0.4066147859922179,0.7860719564271745,-0.0798639218811541,47.168376285873684,0.06997214194357047,-41.0500558469132,3,,,0.8,,0.009,0.006,24
donchian_breakout,15m,86,530,0.49245283018867925,0.7845214951614046,-0.060697412118199796,34.16009931345089,10.234465363499499,-32.16962842264589,8,,,0.4,,0.006,0.008,12
donchian_breakout,15m,87,504,0.49603174603174605,0.7843800387600559,-0.06183791243641749,32.409928933768505,9.157355074075213,-31.166307867954412,8,,,0.6,,0.006,0.008,12
donchian_breakout,15m,88,477,0.3731656184486373,0.7843562897849765,-0.08441085906090123,44.33099413801213,-2.104821700730175,-40.263979772049886,3,,,0.8,,0.012,0.006,24
donchian_breakout,15m,89,371,0.42048517520215634,0.7841499589754144,-0.08993242532579347,35.66295626964733,-3.6864043576124246,-33.36492979586938,10,,,0.8,,0.012,0.008,24
donchian_breakout,15m,90,615,0.4113821138211382,0.7837870441163294,-0.06500575413645558,45.87327834566812,9.225151266586453,-39.97853879392018,3,,,0.6,,0.009,0.006,12
donchian_breakout,15m,91,400,0.4575,0.7830396942477577,-0.0938763309795135,43.98777617538676,-5.552753493202693,-37.550532391805405,5,,,1.0,,0.009,0.008,36
donchian_breakout,15m,92,386,0.422279792746114,0.7826679558381464,-0.09039149058470125,39.46263240050771,-4.012720453876233,-34.89111536569468,5,,,1.0,,0.012,0.008,24
donchian_breakout,15m,93,548,0.5291970802919708,0.7817771579341994,-0.0725149250742679,45.58624973292637,4.103462444278893,-39.73817894069881,5,,,0.4,,0.006,0.008,24
donchian_breakout,15m,94,384,0.4166666666666667,0.781696472604251,-0.09068349264697478,37.12048765021627,-4.104102817565347,-34.82246117643832,10,,,0.6,,0.012,0.008,24
donchian_breakout,15m,95,415,0.4506024096385542,0.7816259305922527,-0.08665710288800577,38.89126273875996,-2.7638032198103217,-35.96269769852239,8,,,0.8,,0.009,0.008,24
donchian_breakout,15m,96,517,0.29593810444874274,0.7813979895867227,-0.07112245607354287,41.42137127331012,4.591526820706623,-36.77030979002166,3,,,0.8,,0.012,0.004,24
donchian_breakout,15m,97,471,0.37367303609341823,0.7809624514095618,-0.08423106064479106,46.62978979352275,-1.9936270145023924,-39.67282956369659,5,,,0.6,,0.012,0.006,24
donchian_breakout,15m,98,557,0.3267504488330341,0.7809103289535257,-0.06870868009127602,42.01146535307958,6.291781901920029,-38.27073481084074,3,,,0.8,,0.009,0.004,24
donchian_breakout,15m,99,483,0.4906832298136646,0.7803050127117737,-0.06370105124785101,32.36557245494058,7.875542464273661,-30.767607752712042,8,,,0.8,,0.006,0.008,12
donchian_breakout,15m,100,535,0.5401869158878505,0.7794448251896456,-0.07785856724310311,48.56555097134964,1.146124974929799,-41.65433347506016,5,,,0.4,,0.006,0.008,36
donchian_breakout,15m,101,577,0.49220103986135183,0.7790978331569826,-0.06210701858124964,37.62825822717497,10.328381631271457,-35.83574972138104,3,,,0.8,,0.006,0.008,12
donchian_breakout,15m,102,395,0.4582278481012658,0.7789178965216446,-0.09584471396184933,42.57774400203326,-6.261166481523106,-37.85866201493049,10,,,0.6,,0.009,0.008,36
donchian_breakout,15m,103,464,0.4051724137931034,0.7787646257716584,-0.08328736705111789,45.68082173663141,-1.525948691195182,-38.6453383117187,3,,,1.0,,0.009,0.006,24
donchian_breakout,15m,104,368,0.4157608695652174,0.7786887793792895,-0.10187823685285849,40.39061306299594,-8.054412927022737,-37.49119116185192,10,,,0.6,,0.012,0.008,36
donchian_breakout,15m,105,452,0.39601769911504425,0.7786083232428043,-0.08671930611625935,49.40734904748372,-3.038341701229718,-39.19712636454923,3,,,1.0,,0.009,0.006,36
donchian_breakout,15m,106,453,0.4988962472406181,0.7780184213298759,-0.06523070404822182,33.41759604809633,6.693168333488907,-29.549508933844482,10,,,0.8,,0.006,0.008,12
donchian_breakout,15m,107,530,0.530188679245283,0.7777768372404082,-0.07493933030359644,44.7262085011869,2.683228230386029,-39.717845060906114,3,,,0.8,,0.006,0.008,24
donchian_breakout,15m,108,550,0.32181818181818184,0.7766870961161682,-0.06943132099727906,43.57589986010029,5.815099491293037,-38.18722654850348,5,,,0.6,,0.009,0.004,24
donchian_breakout,15m,109,457,0.5339168490153173,0.7757201756777529,-0.07566055828969907,38.59117445938153,1.98391842897911,-34.576875138392474,10,,,0.4,,0.006,0.008,24
donchian_breakout,15m,110,461,0.5466377440347071,0.7747230267332552,-0.08096298187151282,40.828624646046634,-0.44411228768249444,-37.32393464276741,8,,,0.6,,0.006,0.008,36
donchian_breakout,15m,111,443,0.5327313769751693,0.7746368636896357,-0.07682960558853191,36.96483871600042,1.4050467429775435,-34.03551527571964,10,,,0.6,,0.006,0.008,24
donchian_breakout,15m,112,496,0.2782258064516129,0.7735209474120108,-0.07653616827717853,41.86661565777372,1.718748033732942,-37.961939465480555,3,,,0.8,,0.012,0.004,36
donchian_breakout,15m,113,447,0.5480984340044742,0.773321690525922,-0.08131442166457922,40.500123980356385,-0.5877815967056039,-36.34754648406691,10,,,0.4,,0.006,0.008,36
donchian_breakout,15m,114,683,0.4787701317715959,0.7732827407133763,-0.0625542096999934,47.52360356826114,11.920242872053322,-42.72452522509549,3,,,0.4,,0.006,0.008,12
donchian_breakout,15m,115,512,0.541015625,0.7730447265176235,-0.08145358190241786,46.928043937317156,-0.7445317467366525,-41.704233934037944,3,,,0.8,,0.006,0.008,36
donchian_breakout,15m,116,520,0.39615384615384613,0.7727210679875092,-0.08803217688692129,57.06600099860471,-4.178403342536084,-45.77673198119907,5,,,0.4,,0.009,0.006,36
donchian_breakout,15m,117,409,0.4547677261613692,0.7723194232487669,-0.09789666754822778,45.412986445057605,-7.3226660936626295,-40.03973702722516,10,,,0.4,,0.009,0.008,36
donchian_breakout,15m,118,482,0.43568464730290457,0.772042375300476,-0.07306716887593347,36.03666693702221,3.3429617865146684,-35.21837539819993,8,,,0.6,,0.009,0.008,12
donchian_breakout,15m,119,406,0.4482758620689655,0.7716409219972483,-0.09181127250586157,40.11566221869505,-4.797295555602045,-37.2753766373798,10,,,0.6,,0.009,0.008,24
donchian_breakout,15m,120,443,0.5440180586907449,0.7714966983235589,-0.08246270638419942,38.636228931479565,-1.0914154943981118,-36.53097892820034,8,,,0.8,,0.006,0.008,36
donchian_breakout,15m,121,552,0.40217391304347827,0.770971019280052,-0.07328455796612397,44.0766943458952,3.7084073656458227,-40.45307599730043,5,,,0.4,,0.012,0.008,12
donchian_breakout,15m,122,431,0.5336426914153132,0.7701623308147102,-0.07907137889684039,37.00908774481898,0.4003958538033049,-34.07976430453821,10,,,0.8,,0.006,0.008,24
donchian_breakout,15m,123,480,0.5416666666666666,0.7698550460130477,-0.08296689904789283,43.32880154626774,-1.4246814155547827,-39.824111542988554,5,,,0.8,,0.006,0.008,36
donchian_breakout,15m,124,468,0.49786324786324787,0.769795389578684,-0.0679142289800856,35.25154332036309,5.658404198999535,-31.78385916268006,10,,,0.6,,0.006,0.008,12
donchian_breakout,15m,125,466,0.2918454935622318,0.7692880578077445,-0.07558088941935401,41.31127595270736,2.0601295824140013,-35.220694469418966,3,,,1.0,,0.012,0.004,24
donchian_breakout,15m,126,541,0.3179297597042514,0.7692189432528921,-0.07406901125234587,46.38749508751888,3.2099488920377013,-40.07133508751912,5,,,0.6,,0.009,0.004,36
donchian_breakout,15m,127,440,0.375,0.7689924247187312,-0.09043784762251561,44.019488185942734,-4.5944907502069485,-39.79265295390687,5,,,0.8,,0.012,0.006,24
donchian_breakout,15m,128,496,0.3225806451612903,0.7688531436116249,-0.07304229314521968,42.368907942267775,3.452403561395599,-36.22897740002896,3,,,1.0,,0.009,0.004,24
donchian_breakout,15m,129,391,0.4475703324808184,0.7688397311291028,-0.09209874493019858,39.80210347306781,-4.732502268615097,-36.01060926770764,8,,,1.0,,0.009,0.008,24
donchian_breakout,15m,130,365,0.4547945205479452,0.7681763820856552,-0.10103917285261889,42.34363484448423,-7.68237103962175,-36.8792980912059,10,,,1.0,,0.009,0.008,36
donchian_breakout,15m,131,590,0.5389830508474577,0.7679495907945675,-0.08180622411880602,56.76880144732404,-1.0660986695633907,-48.265672230095554,3,,,0.4,,0.006,0.008,36
donchian_breakout,15m,132,494,0.3724696356275304,0.7675797083578865,-0.08933418254100359,52.5004419821293,-4.612931347794893,-44.131086175255774,5,,,0.4,,0.012,0.006,24
donchian_breakout,15m,133,434,0.4078341013824885,0.7675771539424483,-0.08716926855773502,42.48501631677703,-3.1127076371118423,-37.831462554057,5,,,1.0,,0.009,0.006,24
donchian_breakout,15m,134,395,0.4481012658227848,0.7675098436372344,-0.09425998828313421,40.072980953153234,-5.634949351578646,-37.23269537183801,10,,,0.8,,0.009,0.008,24
donchian_breakout,15m,135,476,0.4054621848739496,0.7673887507843437,-0.08711225644779211,45.88158484591683,-3.386788784662908,-41.46543406914904,5,,,0.8,,0.009,0.006,24
donchian_breakout,15m,136,504,0.4246031746031746,0.766773639792447,-0.07377992733656467,38.00337491645089,3.1361710908077267,-37.185083377628594,5,,,0.8,,0.009,0.008,12
donchian_breakout,15m,137,519,0.4026974951830443,0.7666865663413811,-0.07557197399951751,41.86852221601061,2.2990651202985246,-39.22185450574959,5,,,0.6,,0.012,0.008,12
donchian_breakout,15m,138,548,0.4324817518248175,0.7664617620801443,-0.07394941057466864,43.16925273372385,3.317049825011587,-40.52427699491842,3,,,0.8,,0.009,0.008,12
donchian_breakout,15m,139,670,0.4044776119402985,0.7658679002625507,-0.0704595878241557,53.3822620183433,6.394634011420244,-47.20792384218432,3,,,0.4,,0.009,0.006,12
donchian_breakout,15m,140,612,0.5310457516339869,0.7657648311195427,-0.07884382232906317,55.98113589966696,0.7078638801653904,-48.25241926538666,3,,,0.4,,0.006,0.008,24
donchian_breakout,15m,141,535,0.40373831775700936,0.765714560223666,-0.08616023990332254,54.56489059628371,-3.297047167144421,-46.09572834827756,5,,,0.4,,0.009,0.006,24
donchian_breakout,15m,142,491,0.31771894093686354,0.7632145039775845,-0.07665703070855037,44.71468207789801,1.6420547439993693,-37.638602077898234,3,,,1.0,,0.009,0.004,36
donchian_breakout,15m,143,422,0.54739336492891,0.7627753213780103,-0.0867135122829812,39.73787218669727,-2.8342358777691823,-36.59310218341807,10,,,0.8,,0.006,0.008,36
donchian_breakout,15m,144,488,0.4016393442622951,0.7619588272234757,-0.07789377204753965,39.88052073290511,1.0282505410170524,-38.012160759199354,5,,,0.8,,0.012,0.008,12
donchian_breakout,15m,145,487,0.4887063655030801,0.7616951882595515,-0.06949610092453039,38.889368723552096,5.117445828084931,-33.8446011502463,10,,,0.4,,0.006,0.008,12
donchian_breakout,15m,146,466,0.3927038626609442,0.761185937793349,-0.0936230199629515,49.859876320141126,-6.3508676497953225,-43.6283273027354,5,,,0.8,,0.009,0.006,36
donchian_breakout,15m,147,512,0.2890625,0.7599111666948302,-0.07738803929959319,46.36053371378136,1.3378590222171751,-39.62267612139171,5,,,0.6,,0.012,0.004,24
donchian_breakout,15m,148,434,0.3640552995391705,0.759575775979887,-0.09558472068091704,47.5900631414802,-6.76647536566426,-41.483768775517994,3,,,1.0,,0.012,0.006,24
donchian_breakout,15m,149,374,0.446524064171123,0.7594366829175142,-0.09732477367859478,40.481653701670126,-6.482058179066077,-36.39946535579445,10,,,1.0,,0.009,0.008,24
donchian_breakout,15m,150,434,0.5460829493087558,0.7594082435334633,-0.08784527933690499,41.26962123549601,-3.406213717703855,-38.12485123221676,10,,,0.6,,0.006,0.008,36
donchian_breakout,15m,151,476,0.28991596638655465,0.7588711961720775,-0.07871190929015068,41.795820570886185,0.6133765284996848,-37.46686882211172,5,,,0.8,,0.012,0.004,24
donchian_breakout,15m,152,652,0.3496932515337423,0.7587678257645307,-0.06649068203598575,45.981135989878425,8.811599952518302,-43.351924687462706,3,,,0.6,,0.009,0.004,12
donchian_breakout,15m,153,425,0.3952941176470588,0.7581377270634196,-0.09533025333869331,47.87948973158687,-6.517964854886614,-40.51535766894466,5,,,1.0,,0.009,0.006,36
donchian_breakout,15m,154,630,0.4015873015873016,0.757896022276854,-0.0781170495685425,53.562061387840565,1.186733465204306,-49.213741228181775,3,,,0.4,,0.012,0.008,12
donchian_breakout,15m,155,457,0.40043763676148797,0.7565924245454312,-0.09107080016213674,47.98479542056122,-5.061380226186968,-41.61935567409649,8,,,0.6,,0.009,0.006,24
donchian_breakout,15m,156,399,0.39348370927318294,0.7564175285636906,-0.09579555507523528,43.85405150735808,-6.304948454400641,-38.22242647501888,8,,,1.0,,0.009,0.006,36
donchian_breakout,15m,157,494,0.27530364372469635,0.7563658532487302,-0.08266714557257517,47.89749757495935,-1.318097151712816,-40.83756991285213,5,,,0.6,,0.012,0.004,36
donchian_breakout,15m,158,449,0.39420935412026725,0.7562765092580458,-0.0953073538176856,50.43072385124354,-6.875752165006835,-42.793001864140834,8,,,0.6,,0.009,0.006,36
donchian_breakout,15m,159,452,0.5309734513274337,0.7559174054517468,-0.0844605204720471,40.426304912554,-2.0169620381805653,-38.17615525336529,5,,,1.0,,0.006,0.008,24
donchian_breakout,15m,160,355,0.4112676056338028,0.7543272269575082,-0.10313778987550773,39.791621879583204,-8.217202286719935,-36.613915405805244,10,,,1.0,,0.012,0.008,24
donchian_breakout,15m,161,455,0.34725274725274724,0.7528922614309134,-0.10283414888352341,55.17655529960418,-10.393695220091185,-46.78953774200315,5,,,0.6,,0.012,0.006,36
donchian_breakout,15m,162,486,0.48559670781893005,0.7523290605381769,-0.07365864719874626,37.235783663492036,3.0831307136947843,-35.79810253859068,5,,,1.0,,0.006,0.008,12
donchian_breakout,15m,163,581,0.40619621342512907,0.7522995182470387,-0.08060213026392471,49.69521990566397,-0.3499776744100264,-46.82983768334026,3,,,0.6,,0.012,0.008,12
donchian_breakout,15m,164,421,0.44418052256532065,0.7511596119070301,-0.09953480416655566,45.50499101560842,-8.227443531532552,-41.90415255411993,10,,,0.4,,0.009,0.008,24
donchian_breakout,15m,165,417,0.34532374100719426,0.7509870594986711,-0.10475458378485178,50.40747718231564,-10.326792155145252,-43.68266143828319,3,,,1.0,,0.012,0.006,36
donchian_breakout,15m,166,532,0.40789473684210525,0.7502282322829608,-0.08257259759647162,45.04679346014522,-1.3691695891585638,-43.9286219213229,3,,,0.8,,0.012,0.008,12
donchian_breakout,15m,167,405,0.4024691358024691,0.7501001710911607,-0.09411685792568172,41.58149019231811,-5.7196153060235115,-38.1173274599011,8,,,1.0,,0.009,0.006,24
donchian_breakout,15m,168,466,0.3905579399141631,0.7500291993787079,-0.09736169014542267,53.28802959486963,-8.09378512181569,-45.370547607766966,8,,,0.4,,0.009,0.006,36
donchian_breakout,15m,169,476,0.34243697478991597,0.7495807664087841,-0.10466571428617928,59.77419556583882,-11.745578231513946,-49.82088000022134,5,,,0.4,,0.012,0.006,36
donchian_breakout,15m,170,460,0.27391304347826084,0.749328244351906,-0.08553857198979417,43.18582311530536,-2.54876262035346,-39.34774311530532,5,,,0.8,,0.012,0.004,36
donchian_breakout,15m,171,505,0.31287128712871287,0.7485195261484966,-0.08164102445177342,44.9067973481455,-0.829048967732663,-41.22871734814557,5,,,0.8,,0.009,0.004,36
donchian_breakout,15m,172,513,0.3157894736842105,0.7479515264206597,-0.07976812589698816,44.599128585154844,0.11899901445085576,-40.92104858515493,5,,,0.8,,0.009,0.004,24
donchian_breakout,15m,173,445,0.43595505617977526,0.747166249270303,-0.0836749356849077,38.05498637978392,-1.6360007800959726,-37.23534637978393,10,,,0.6,,0.009,0.008,12
donchian_breakout,15m,174,421,0.27078384798099764,0.7469455352991113,-0.08671077512089755,38.74395632589791,-2.8263668726469287,-36.50523632589787,8,,,0.8,,0.012,0.004,36
donchian_breakout,15m,175,426,0.38967136150234744,0.7469018914469243,-0.09946192914111315,46.86982380121691,-8.294099453895765,-42.3707818141142,8,,,0.8,,0.009,0.006,36
donchian_breakout,15m,176,366,0.40710382513661203,0.7468931325878251,-0.10583404194982253,42.187256388448084,-9.459042970823374,-38.735259353635044,8,,,1.0,,0.012,0.008,24
donchian_breakout,15m,177,426,0.3427230046948357,0.7468524216586362,-0.10634542883000227,49.3807935316957,-11.2276437390766,-45.30315268158097,5,,,0.8,,0.012,0.006,36
donchian_breakout,15m,178,425,0.5270588235294118,0.7461455448765318,-0.0878462847090548,39.98554650258984,-3.336005403509699,-37.33467100134829,8,,,1.0,,0.006,0.008,24
donchian_breakout,15m,179,433,0.3418013856812933,0.7457420648166233,-0.1065622338358317,52.98821609011385,-11.506049670783442,-46.14144725091513,8,,,0.4,,0.012,0.006,36
donchian_breakout,15m,180,435,0.2827586206896552,0.7446221951515819,-0.08472325989193294,39.455236546242475,-2.0554402290824605,-36.85461805299083,8,,,0.8,,0.012,0.004,24
donchian_breakout,15m,181,408,0.5294117647058824,0.7436625348433827,-0.0895805321915945,39.35957263541211,-3.91042130269164,-36.548857134170554,10,,,1.0,,0.006,0.008,24
donchian_breakout,15m,182,710,0.3436619718309859,0.7428993593929902,-0.0704580758631772,54.57626657564435,6.7774771279953825,-50.02523386285581,3,,,0.4,,0.009,0.004,12
donchian_breakout,15m,183,431,0.43387470997679817,0.7421391775836012,-0.08535277370284473,37.606685465926084,-2.307968653387434,-36.78704546592608,10,,,0.8,,0.009,0.008,12
donchian_breakout,15m,184,434,0.2857142857142857,0.7414627348192238,-0.08516834390495823,41.77185300352629,-2.2439588382871816,-36.96306125475187,5,,,1.0,,0.012,0.004,24
donchian_breakout,15m,185,551,0.39201451905626133,0.7411480396855564,-0.08023593599651184,46.160330640719884,-0.130052755180098,-44.21000073407802,5,,,0.6,,0.009,0.006,12
donchian_breakout,15m,186,343,0.40524781341107874,0.7401476115632748,-0.12164125171738438,45.29468296114595,-14.28866480498484,-41.72294933906284,10,,,1.0,,0.012,0.008,36
donchian_breakout,15m,187,476,0.3949579831932773,0.7394517221876044,-0.09680029135616741,52.582258432000415,-8.000138741032101,-46.07693868553569,8,,,0.4,,0.009,0.006,24
donchian_breakout,15m,188,370,0.4,0.7387494439888936,-0.1223520567031749,49.50093355122861,-15.67653159281184,-45.27026098017471,5,,,1.0,,0.012,0.008,36
donchian_breakout,15m,189,542,0.28044280442804426,0.7382302421880734,-0.08531971987886079,53.9136720588544,-2.884441951123001,-46.24328817434255,5,,,0.4,,0.012,0.004,24
donchian_breakout,15m,190,647,0.4559505409582689,0.7382153425912564,-0.07306322610184926,49.17726346625273,4.489888667570555,-47.27190728789647,3,,,0.6,,0.006,0.006,12
donchian_breakout,15m,191,449,0.3585746102449889,0.7380195991600698,-0.10192873944498028,50.57610842589301,-9.849943988391498,-45.766004010796145,8,,,0.4,,0.012,0.006,24
donchian_breakout,15m,192,462,0.42207792207792205,0.7378957774469295,-0.08572415840365921,40.42285272131285,-2.6456194302626685,-39.604561182490556,8,,,0.8,,0.009,0.008,12
donchian_breakout,15m,193,475,0.5305263157894737,0.7371961106559634,-0.09685831838769697,51.59143123743523,-8.010905596394629,-46.00770123415606,3,,,1.0,,0.006,0.008,36
donchian_breakout,15m,194,443,0.5349887133182845,0.7368876516229977,-0.09734934626019019,46.11069039654345,-7.6888359276353215,-43.12576039326426,5,,,1.0,,0.006,0.008,36
donchian_breakout,15m,195,406,0.3669950738916256,0.7368043288444123,-0.10447570415331953,47.341020590017216,-9.941112331180198,-42.41713588624773,5,,,1.0,,0.012,0.006,24
donchian_breakout,15m,196,603,0.4759535655058043,0.7365594735384217,-0.084774716642608,55.321929047011764,-2.880306257995826,-51.11915413549262,3,,,0.6,,0.006,0.006,24
donchian_breakout,15m,197,419,0.5346062052505967,0.7363666192569085,-0.09742874262022261,44.43932488209154,-7.305565384026895,-40.82264315787327,8,,,1.0,,0.006,0.008,36
donchian_breakout,15m,198,395,0.34177215189873417,0.7363053938468752,-0.11133900958671487,46.51841068789639,-12.383862331685052,-43.97890878675238,8,,,0.8,,0.012,0.006,36
donchian_breakout,15m,199,488,0.4077868852459016,0.7361702092810557,-0.08721581636146306,44.46569603538131,-3.5227274753841282,-42.56131838439397,8,,,0.4,,0.012,0.008,12
donchian_breakout,15m,200,418,0.40669856459330145,0.7356352101997679,-0.09144093394972534,40.12803650315029,-4.784224080617438,-38.22231039098519,10,,,0.8,,0.012,0.008,12
donchian_breakout,15m,201,351,0.4017094017094017,0.7353886330406929,-0.12372789979958405,46.520546451737154,-15.354634683527419,-43.428492829654004,8,,,1.0,,0.012,0.008,36
donchian_breakout,15m,202,455,0.2725274725274725,0.7346924804189717,-0.09063185268963612,45.80796603488213,-4.8394287452825475,-41.237492973784434,3,,,1.0,,0.012,0.004,36
donchian_breakout,15m,203,488,0.3114754098360656,0.7344930847050986,-0.08439434573489704,43.56304071862966,-2.1452988381650258,-41.18444071862976,8,,,0.6,,0.009,0.004,24
donchian_breakout,15m,204,464,0.4267241379310345,0.7340834122377508,-0.08704352895745336,41.20783743625837,-3.2695052383537027,-40.38819743625836,10,,,0.4,,0.009,0.008,12
donchian_breakout,15m,205,494,0.4251012145748988,0.7340245154383337,-0.08885995173066091,47.95440909951837,-4.37856758197929,-43.89681615494649,3,,,1.0,,0.009,0.008,12
donchian_breakout,15m,206,408,0.3602941176470588,0.7336526633778351,-0.10688185710717647,46.014192706488835,-10.972186574357748,-43.607797699728,8,,,0.8,,0.012,0.006,24
donchian_breakout,15m,207,435,0.3954022988505747,0.7329756172865878,-0.10183563778592683,47.525262183342946,-9.50230335822146,-44.298502436878174,8,,,0.8,,0.009,0.006,24
donchian_breakout,15m,208,589,0.38879456706281834,0.7328960834351348,-0.08279664027723442,51.47037401735757,-1.6478802754012363,-48.76722112329107,5,,,0.4,,0.009,0.006,12
donchian_breakout,15m,209,404,0.5371287128712872,0.7326372100546901,-0.09971072153072394,44.05965322263074,-7.966318025622731,-40.28313149841247,10,,,1.0,,0.006,0.008,36
donchian_breakout,15m,210,433,0.3579676674364896,0.732370496116915,-0.1055617256968549,49.39881164183502,-11.072656289253873,-45.708227226738174,8,,,0.6,,0.012,0.006,24
donchian_breakout,15m,211,465,0.2645161290322581,0.7318749409376613,-0.09225061009242465,46.440410561781974,-5.69881321826477,-42.896533692977464,8,,,0.4,,0.012,0.004,36
donchian_breakout,15m,212,493,0.45030425963488846,0.7315065854340974,-0.07719903836784717,39.097297454170935,1.381426655313473,-38.05912591534865,8,,,0.8,,0.006,0.006,12
donchian_breakout,15m,213,452,0.48672566371681414,0.7311853921045581,-0.0817964827238693,39.26853198812729,-0.8123351252390243,-36.97201019118892,8,,,1.0,,0.006,0.008,12
donchian_breakout,15m,214,482,0.3091286307053942,0.7311530872779943,-0.08769948812125526,45.308753274444804,-3.7126383297769436,-42.271153274445034,8,,,0.6,,0.009,0.004,36
donchian_breakout,15m,215,587,0.3083475298126065,0.7304007448013773,-0.08524002638654095,55.42456880049626,-3.077126339435305,-50.035895488899534,5,,,0.4,,0.009,0.004,24
donchian_breakout,15m,216,521,0.39539347408829173,0.7301005570883143,-0.08437025128733228,45.080993438397755,-2.2778120455183193,-43.956900920700114,8,,,0.4,,0.009,0.006,12
donchian_breakout,15m,217,429,0.49417249417249415,0.7300723611687733,-0.08309175037877117,38.58086947066178,-1.3268916691605044,-35.64636091249283,10,,,1.0,,0.006,0.008,12
donchian_breakout,15m,218,538,0.4479553903345725,0.7299850289475662,-0.07714126899568308,42.540174258499796,1.5386127254126727,-41.50200271967749,5,,,0.8,,0.006,0.006,12
donchian_breakout,15m,219,656,0.3978658536585366,0.7297801184682503,-0.07635995766375134,52.729252227420844,2.3888233018998823,-50.092132227420876,3,,,0.6,,0.006,0.004,36
donchian_breakout,15m,220,582,0.3384879725085911,0.7296768941783714,-0.07583913385852126,44.75300141704013,2.422593131593267,-44.13837590565937,5,,,0.6,,0.009,0.004,12
donchian_breakout,15m,221,526,0.4847908745247148,0.7295468123349929,-0.08142414606550147,45.45606245527564,-0.7494005906900588,-42.829100830453775,3,,,1.0,,0.006,0.008,12
donchian_breakout,15m,222,489,0.523517382413088,0.7290314737277495,-0.09565948922259908,51.626439889039624,-7.660554451631607,-46.77749022985095,3,,,1.0,,0.006,0.008,24
donchian_breakout,15m,223,449,0.267260579064588,0.7288561046344042,-0.09349897633956605,44.885237245269714,-6.063465762770265,-41.98104037646516,8,,,0.6,,0.012,0.004,36
donchian_breakout,15m,224,653,0.37519142419601836,0.7287831190842506,-0.08529964304136844,59.372647634422094,-3.462051726704273,-55.700666906013595,3,,,0.4,,0.012,0.006,12
donchian_breakout,15m,225,455,0.3076923076923077,0.7283055807078189,-0.08872149203692722,42.746878876801794,-3.9698668235313024,-40.36827887680189,8,,,0.8,,0.009,0.004,36
donchian_breakout,15m,226,433,0.4064665127020785,0.728247273436028,-0.09441140645598818,42.78586510760794,-6.242636049862833,-40.880138995442884,10,,,0.6,,0.012,0.008,12
donchian_breakout,15m,227,467,0.4068522483940043,0.7277546804806613,-0.09218359107752391,44.95411468419102,-5.692013838739165,-43.04973703320367,8,,,0.6,,0.012,0.008,12
donchian_breakout,15m,228,565,0.3929203539823009,0.727747032900622,-0.085527956425856,51.03946776929587,-3.1245451986881205,-48.32329538060864,3,,,0.8,,0.009,0.006,12
donchian_breakout,15m,229,655,0.4763358778625954,0.7268159744317318,-0.08757393811435611,63.608520257130685,-4.96291463075556,-57.36092946490325,3,,,0.4,,0.006,0.006,24
donchian_breakout,15m,230,463,0.2786177105831533,0.72657068751689,-0.09020529517302892,43.60326805211761,-4.72694244208922,-41.76505166511239,8,,,0.6,,0.012,0.004,24
donchian_breakout,15m,231,662,0.3987915407854985,0.7258079664262623,-0.07591974579862562,52.33104318992857,2.7022091649758266,-50.25887171869016,3,,,0.6,,0.006,0.004,24
donchian_breakout,15m,232,593,0.3456998313659359,0.725283333712304,-0.0774176939661645,47.54662406075785,1.531920246162914,-45.90869252193555,3,,,0.8,,0.009,0.004,12
donchian_breakout,15m,233,480,0.275,0.7245673271153822,-0.09098703526965321,46.15167331643872,-5.275887284347281,-43.673776929433544,8,,,0.4,,0.012,0.004,24
donchian_breakout,15m,234,420,0.3404761904761905,0.7240066245856097,-0.11686924643529148,54.543385403966404,-15.491280014828353,-49.08508350282242,8,,,0.6,,0.012,0.006,36
donchian_breakout,15m,235,592,0.47466216216216217,0.7234201806970668,-0.09363400541967011,60.41450121172382,-8.07456103285785,-55.4313312084447,3,,,0.6,,0.006,0.006,36
donchian_breakout,15m,236,462,0.30952380952380953,0.7231073584900465,-0.0887155257908253,45.14449291536118,-4.028184189036903,-40.986572915361286,5,,,1.0,,0.009,0.004,24
donchian_breakout,15m,237,601,0.37603993344425957,0.7226541847537133,-0.08844214881011643,55.484924973687264,-5.075761739575805,-53.15373143487997,3,,,0.6,,0.012,0.006,12
donchian_breakout,15m,238,514,0.47470817120622566,0.7222699244161827,-0.09100649658377033,48.147222684338715,-5.659603085292069,-46.77733924405795,5,,,0.8,,0.006,0.006,24
donchian_breakout,15m,239,525,0.26476190476190475,0.7218237590594131,-0.09593314951669273,57.338317072554524,-8.368250796582307,-50.36490349626368,5,,,0.4,,0.012,0.004,36
donchian_breakout,15m,240,460,0.41739130434782606,0.7211425645829284,-0.09271528314680022,44.08507545916792,-5.851370795846442,-42.6490302475281,5,,,1.0,,0.009,0.008,12
donchian_breakout,15m,241,576,0.4461805555555556,0.7210012401238858,-0.07960432511500386,47.11171779949238,0.22799993373127192,-45.85209126624222,5,,,0.6,,0.006,0.006,12
donchian_breakout,15m,242,451,0.3991130820399113,0.7209943797606901,-0.09555192275654675,45.11392981289984,-7.016723852743682,-43.09391716320258,10,,,0.4,,0.012,0.008,12
donchian_breakout,15m,243,710,0.447887323943662,0.7201833932650317,-0.07790403908556638,58.951964709849065,1.4887277403440036,-55.31186775075213,3,,,0.4,,0.006,0.006,12
donchian_breakout,15m,244,536,0.3451492537313433,0.7198832512356743,-0.0780592530085069,42.17821115138195,1.0406566501003474,-41.839759612559696,8,,,0.4,,0.009,0.004,12
donchian_breakout,15m,245,578,0.3044982698961938,0.7198246914827464,-0.09164231485683591,59.28541798725087,-6.7319507675581765,-52.969257987251154,5,,,0.4,,0.009,0.004,36
donchian_breakout,15m,246,505,0.38811881188118813,0.7189375757045368,-0.0908586229491456,49.29944165136789,-5.485798908882079,-45.88360458931852,3,,,1.0,,0.009,0.006,12
donchian_breakout,15m,247,479,0.40292275574112735,0.718880501607103,-0.09898228454548305,49.61504697652191,-9.096152758389735,-47.41251429728638,3,,,1.0,,0.012,0.008,12
donchian_breakout,15m,248,640,0.4734375,0.7179310802081456,-0.09498536430480993,67.45332315835746,-9.594470943455743,-60.79063315507835,3,,,0.4,,0.006,0.006,36
donchian_breakout,15m,249,547,0.4680073126142596,0.7177913505247353,-0.09219401633502607,53.519290375539974,-6.672796053680735,-50.43012693525926,5,,,0.6,,0.006,0.006,24
donchian_breakout,15m,250,593,0.45193929173693087,0.7175097410245287,-0.08054341724161894,48.80041796310232,-0.3223753744298048,-47.76224642428003,3,,,0.8,,0.006,0.006,12
donchian_breakout,15m,251,446,0.3968609865470852,0.7169250404023059,-0.09711292134350052,45.2167405701886,-7.635417086035653,-43.312362919201234,8,,,0.8,,0.012,0.008,12
donchian_breakout,15m,252,499,0.3927855711422846,0.7164139009334082,-0.09043837459353114,45.947040460994316,-5.210833255474231,-45.12874892217204,8,,,0.6,,0.009,0.006,12
donchian_breakout,15m,253,514,0.3424124513618677,0.7162613896606144,-0.08005685556726158,41.48767530039472,-0.02923545575474943,-41.14922376157245,8,,,0.6,,0.009,0.004,12
donchian_breakout,15m,254,547,0.4716636197440585,0.7160902691039791,-0.09642264659185935,54.688277689026144,-8.98678239870655,-52.74318768574707,3,,,0.8,,0.006,0.006,36
donchian_breakout,15m,255,405,0.26666666666666666,0.7158738227486254,-0.09816897123479575,40.87763335009233,-7.361377901252774,-39.758433350092275,10,,,0.8,,0.012,0.004,36
donchian_breakout,15m,256,721,0.39528432732316227,0.7158521610822627,-0.07857911258209999,61.726511642932486,1.0248697762163954,-56.655540171694085,3,,,0.4,,0.006,0.004,24
donchian_breakout,15m,257,715,0.393006993006993,0.7155593678586545,-0.08049520787931788,63.18999363371226,-0.35421531984022764,-57.554073633712285,3,,,0.4,,0.006,0.004,36
donchian_breakout,15m,258,690,0.32318840579710145,0.7153438718093963,-0.0802314230424489,58.53290085842065,-0.1597457976087827,-55.35968189928974,3,,,0.4,,0.012,0.004,12
donchian_breakout,15m,259,417,0.27577937649880097,0.7150517792770874,-0.09603343809554887,41.57682780405975,-6.688619133497277,-40.04594368584388,10,,,0.8,,0.012,0.004,24
donchian_breakout,15m,260,462,0.30735930735930733,0.7142109974401217,-0.09195207114399825,44.8604568685271,-5.524066495125243,-42.481856868527196,8,,,0.8,,0.009,0.004,24
donchian_breakout,15m,261,389,0.390745501285347,0.71390941512156,-0.11073566597810727,44.17557406548366,-11.960958448863277,-43.07617406548373,10,,,1.0,,0.009,0.006,24
donchian_breakout,15m,262,473,0.47357293868921774,0.7137801004819987,-0.09476858761642028,45.995665382847534,-6.988337277477789,-44.825541942566794,8,,,0.8,,0.006,0.006,24
donchian_breakout,15m,263,381,0.3569553805774278,0.7131626064703541,-0.11497236276607349,46.90791469236847,-13.329802134727888,-43.804470213874,8,,,1.0,,0.012,0.006,24
donchian_breakout,15m,264,529,0.3383742911153119,0.7129984434829574,-0.08210888420941621,45.98829352709127,-1.1160461652472802,-43.43559974678118,3,,,1.0,,0.009,0.004,12
donchian_breakout,15m,265,633,0.325434439178515,0.7127496544218946,-0.08168316496051932,52.96707507137533,-1.065869767915894,-51.70544342000873,3,,,0.6,,0.012,0.004,12
donchian_breakout,15m,266,501,0.3033932135728543,0.7121264014665863,-0.09413552493580031,50.53929799283567,-7.084731885590191,-47.161897992835954,8,,,0.4,,0.009,0.004,36
donchian_breakout,15m,267,508,0.3051181102362205,0.7120755062911086,-0.09203081700418395,49.13025503812531,-6.1141006783968015,-46.75165503812544,8,,,0.4,,0.009,0.004,24
donchian_breakout,15m,268,560,0.4714285714285714,0.7119833764195791,-0.09467030422967551,54.74501380889896,-8.218657831750992,-53.015370368618285,3,,,0.8,,0.006,0.006,24
donchian_breakout,15m,269,620,0.33548387096774196,0.7117698716458504,-0.0809464189737579,50.52523130255218,-0.5870145695577272,-50.1867797637299,5,,,0.4,,0.009,0.004,12
donchian_breakout,15m,270,394,0.3401015228426396,0.7110661354997131,-0.12283810137215999,53.835372790745744,-16.884965927001833,-48.398211940631036,5,,,1.0,,0.012,0.006,36
donchian_breakout,15m,271,429,0.38694638694638694,0.7097339146807334,-0.11222482179326368,49.24384854931003,-13.829980541526732,-48.14444854931012,10,,,0.6,,0.009,0.006,24
donchian_breakout,15m,272,387,0.3798449612403101,0.7095318159389635,-0.11786897573556326,46.71469360966289,-14.66115807289214,-45.615293609662984,10,,,1.0,,0.009,0.006,36
donchian_breakout,15m,273,457,0.30196936542669583,0.7094325344347094,-0.09597059413409657,48.01648151928203,-7.301482112126986,-43.858561519282134,5,,,1.0,,0.009,0.004,36
donchian_breakout,15m,274,405,0.2740740740740741,0.7089365178084547,-0.09752286296055188,42.57721799227514,-7.099599338759012,-39.49675949902351,8,,,1.0,,0.012,0.004,24
donchian_breakout,15m,275,539,0.4712430426716141,0.7083635049354726,-0.09968731491849551,57.595592744348174,-10.615709024678958,-53.73146274106908,5,,,0.6,,0.006,0.006,36
donchian_breakout,15m,276,555,0.3945945945945946,0.7083148721811028,-0.08193102688764209,46.63099992264141,-1.072148782154219,-45.471719922641356,5,,,0.8,,0.006,0.004,24
donchian_breakout,15m,277,589,0.3921901528013582,0.7069504077176288,-0.08392435052298539,50.669762458038356,-2.312367405000391,-49.43144245803839,5,,,0.6,,0.006,0.004,36
donchian_breakout,15m,278,547,0.44789762340036565,0.7069177264257396,-0.08405975237542242,47.01885608817835,-2.2215731786275152,-45.98068454935606,8,,,0.4,,0.006,0.006,12
donchian_breakout,15m,279,583,0.4665523156089194,0.706634935764289,-0.09536633316023616,59.40736302464513,-8.962157095255787,-55.59857223241768,5,,,0.4,,0.006,0.006,24
donchian_breakout,15m,280,413,0.387409200968523,0.7065557274718742,-0.1144963639494195,48.38639831111017,-14.252699390866603,-47.28699831111025,10,,,0.8,,0.009,0.006,24
donchian_breakout,15m,281,445,0.3955056179775281,0.7063955495448753,-0.10250216978654227,47.81599823424683,-10.017472544028921,-45.61346555501131,5,,,1.0,,0.012,0.008,12
donchian_breakout,15m,282,409,0.37897310513447435,0.7061496148124792,-0.11898688769165287,49.76503706588592,-15.95201787303524,-48.665637065886024,10,,,0.8,,0.009,0.006,36
donchian_breakout,15m,283,620,0.4403225806451613,0.7061064220770003,-0.08364368649553222,54.047041169561105,-2.259989623079214,-51.85908562722998,5,,,0.4,,0.006,0.006,12
donchian_breakout,15m,284,521,0.4491362763915547,0.7057896298406267,-0.08573734679052968,45.707329216688294,-2.9903538193937242,-44.66915767786596,8,,,0.6,,0.006,0.006,12
donchian_breakout,15m,285,498,0.4678714859437751,0.705788988526306,-0.09705443726301027,50.742513197259825,-8.496508360323253,-48.33310975697912,8,,,0.6,,0.006,0.006,24
donchian_breakout,15m,286,519,0.4662813102119461,0.7057471078781763,-0.0957019106566634,51.20471095179734,-8.15255265186906,-49.66929163080831,8,,,0.4,,0.006,0.006,24
donchian_breakout,15m,287,517,0.38104448742746616,0.7057347290457591,-0.09363806471954439,49.2291709988267,-7.053700940380607,-48.41087946000445,5,,,0.8,,0.009,0.006,12
donchian_breakout,15m,288,508,0.468503937007874,0.7051372710927849,-0.10094873113617174,52.86728542045433,-10.646213902736344,-51.28195541717525,5,,,0.8,,0.006,0.006,36
donchian_breakout,15m,289,465,0.44946236559139785,0.7043708155428084,-0.08749771456587711,41.72595727313291,-3.487832406095299,-40.68643727313286,10,,,0.8,,0.006,0.006,12
donchian_breakout,15m,290,510,0.396078431372549,0.7039310462323669,-0.07738846540678469,39.50668889628254,1.3324156087833157,-39.468117357460194,8,,,0.8,,0.006,0.004,12
donchian_breakout,15m,291,602,0.3903654485049834,0.7036106013056066,-0.08520646149949976,52.373729822698884,-3.1355440403149824,-51.29428982269885,3,,,0.8,,0.006,0.004,36
donchian_breakout,15m,292,487,0.33880903490759756,0.7034195260407315,-0.08398061452083949,41.23701081047111,-1.939335005651095,-40.898559271648836,8,,,0.8,,0.009,0.004,12
donchian_breakout,15m,293,499,0.39478957915831664,0.7031075141252764,-0.08367729970094857,42.794492550773384,-1.8357068335067468,-41.75497255077334,8,,,0.8,,0.006,0.004,24
donchian_breakout,15m,294,468,0.4700854700854701,0.7028797516480398,-0.10231993446090594,49.27129933098312,-10.449909291420553,-47.88572932770398,8,,,0.8,,0.006,0.006,36
donchian_breakout,15m,295,594,0.3888888888888889,0.7025512106658288,-0.08342181572141771,50.71183853852211,-2.033371887277035,-49.55255853852212,5,,,0.6,,0.006,0.004,24
donchian_breakout,15m,296,551,0.39019963702359345,0.702244554600256,-0.08570476089160112,48.38260325127227,-3.1445810837056962,-47.22332325127221,5,,,0.8,,0.006,0.004,36
donchian_breakout,15m,297,511,0.46966731898238745,0.7018063034807492,-0.10187677406809727,53.44460155207685,-11.18350495077802,-52.059031548797705,8,,,0.4,,0.006,0.006,36
donchian_breakout,15m,298,456,0.3048245614035088,0.7016674239788535,-0.0963975420325352,45.036399166835956,-7.480271275346192,-43.95727916683605,10,,,0.6,,0.009,0.004,24
donchian_breakout,15m,299,371,0.33692722371967654,0.701476395328956,-0.12765662822248083,50.97939097168437,-17.687684144198066,-47.360609070540384,8,,,1.0,,0.012,0.006,36
donchian_breakout,15m,300,425,0.2635294117647059,0.7011931470560382,-0.10358060355563717,48.33967651114578,-10.025766817872944,-44.021756511145796,5,,,1.0,,0.012,0.004,36
donchian_breakout,15m,301,425,0.3764705882352941,0.7010284261246679,-0.12138577026678163,52.68835236338208,-17.595990759686067,-51.58895236338219,10,,,0.6,,0.009,0.006,36
donchian_breakout,15m,302,425,0.30117647058823527,0.7008547284691187,-0.09883602006379459,44.863748527112605,-8.00851193188546,-42.0053085271127,8,,,1.0,,0.009,0.004,36
donchian_breakout,15m,303,393,0.3511450381679389,0.7005058348665723,-0.12334989674758562,49.969046830040995,-17.043326752502146,-48.47650942180115,10,,,0.8,,0.012,0.006,24
donchian_breakout,15m,304,576,0.3229166666666667,0.7004770456611241,-0.08679628819311105,51.11283353805423,-3.916228490628211,-49.994661999231965,3,,,0.8,,0.012,0.004,12
donchian_breakout,15m,305,495,0.3898989898989899,0.7001080863683791,-0.08648329646243469,43.848751748905215,-3.2105159552872857,-42.80923174890517,8,,,0.8,,0.006,0.004,36
donchian_breakout,15m,306,461,0.39045553145336226,0.699747093781206,-0.09789175691449137,45.94773993758052,-8.251400497779636,-45.12809993758052,10,,,0.6,,0.009,0.006,12
donchian_breakout,15m,307,609,0.3924466338259442,0.6995216278921558,-0.0847314881135269,52.68091626113792,-2.8826293128630303,-51.60147626113788,3,,,0.8,,0.006,0.004,24
donchian_breakout,15m,308,542,0.3376383763837638,0.6994861219472979,-0.08529525058012444,46.56847735324974,-2.871174284141095,-46.23002581442744,5,,,0.8,,0.009,0.004,12
donchian_breakout,15m,309,437,0.2700228832951945,0.6992256437540965,-0.10110123177282529,45.71212240294048,-9.224928256027061,-44.18123828472465,10,,,0.6,,0.012,0.004,24
donchian_breakout,15m,310,474,0.339662447257384,0.6991479640571142,-0.086104957311626,41.15354976571073,-2.8949077288022442,-40.813749765710725,10,,,0.6,,0.009,0.004,12
donchian_breakout,15m,311,433,0.302540415704388,0.6990417529639076,-0.0994725478402002,44.15073321480662,-8.43498720969056,-43.07161321480668,10,,,0.8,,0.009,0.004,36
donchian_breakout,15m,312,438,0.2625570776255708,0.6989398828912321,-0.10465476282068407,46.95798611545961,-10.803107358402984,-45.83878611545963,10,,,0.4,,0.012,0.004,36
donchian_breakout,15m,313,460,0.44782608695652176,0.698924985723849,-0.08900253066584975,41.97933564511324,-4.1428212347848,-40.941164106290884,8,,,1.0,,0.006,0.006,12
donchian_breakout,15m,314,429,0.30303030303030304,0.6985484301679994,-0.09738649407269416,44.637245957185684,-7.461790673455175,-41.778805957185796,8,,,1.0,,0.009,0.004,24
donchian_breakout,15m,315,424,0.3443396226415094,0.6979478425988519,-0.12170072608071088,52.979699692958214,-17.688183131474,-51.60110785822141,10,,,0.4,,0.012,0.006,24
donchian_breakout,15m,316,384,0.3333333333333333,0.6976656331692801,-0.13087436650238926,51.37527673691745,-19.543574166584108,-50.255756736917476,10,,,0.8,,0.012,0.006,36
donchian_breakout,15m,317,572,0.46678321678321677,0.6975726015712113,-0.10369703139022375,63.53859195848708,-13.560126005610238,-59.31470195520799,5,,,0.4,,0.006,0.006,36
donchian_breakout,15m,318,474,0.4704641350210971,0.6974525447877037,-0.10114332897467909,49.47224759318654,-10.025948313323228,-47.94193793399789,5,,,1.0,,0.006,0.006,24
donchian_breakout,15m,319,474,0.3818565400843882,0.6968897691675763,-0.09751380365816585,47.039834472792876,-8.304864879922583,-46.22154293397061,8,,,0.8,,0.009,0.006,12
donchian_breakout,15m,320,450,0.26666666666666666,0.69679813236852,-0.10211021768529654,47.48048207659924,-9.953579390139495,-45.94959795838344,10,,,0.4,,0.012,0.004,24
donchian_breakout,15m,321,437,0.30434782608695654,0.6965065986995355,-0.09861250842892523,44.17278618344026,-8.136920951821056,-43.09366618344033,10,,,0.8,,0.009,0.004,24
donchian_breakout,15m,322,492,0.4695121951219512,0.6957929642259232,-0.10512301992921066,54.345375808450775,-12.365471993969239,-51.72052580517165,8,,,0.6,,0.006,0.006,36
donchian_breakout,15m,323,495,0.44242424242424244,0.6948585640551441,-0.09076375010029891,45.96622783847029,-5.330188374997965,-44.92805629964796,5,,,1.0,,0.006,0.006,12
donchian_breakout,15m,324,441,0.46938775510204084,0.6946657059943888,-0.10172423045907661,46.190935291641445,-9.584219320180855,-44.86038563245278,8,,,1.0,,0.006,0.006,24
donchian_breakout,15m,325,411,0.34549878345498786,0.6944147062423047,-0.12479048278297487,52.78142583204252,-18.41625492577298,-51.288888423802675,10,,,0.6,,0.012,0.006,24
donchian_breakout,15m,326,693,0.3924963924963925,0.6943719192609785,-0.07940466429410317,56.065603894635814,0.4127327372814055,-55.0274323558135,3,,,0.6,,0.006,0.004,12
donchian_breakout,15m,327,425,0.2611764705882353,0.6943657099098945,-0.10650749079172364,46.54472358648254,-11.270191663147802,-45.265683586482545,10,,,0.6,,0.012,0.004,36
donchian_breakout,15m,328,538,0.362453531598513,0.6942742444898893,-0.09915945495307456,55.89901109897009,-10.311911529365858,-53.34778676475411,5,,,0.6,,0.012,0.006,12
donchian_breakout,15m,329,469,0.3795309168443497,0.6937917417592199,-0.09959574771401963,47.63341835711068,-9.194083311199686,-46.71040567787521,5,,,1.0,,0.009,0.006,12
donchian_breakout,15m,330,514,0.31712062256809337,0.6937667685736526,-0.09010609753780291,48.028503030039836,-5.196612779542506,-46.314534134430694,3,,,1.0,,0.012,0.004,12
donchian_breakout,15m,331,550,0.3654545454545455,0.6936453497573092,-0.1004297375101299,56.35452716939373,-11.24085197135999,-55.236355630571445,3,,,0.8,,0.012,0.006,12
donchian_breakout,15m,332,428,0.4158878504672897,0.6928739392642813,-0.10425402728472995,46.09278656678582,-10.38487762891599,-44.62072367786442,8,,,1.0,,0.009,0.008,12
donchian_breakout,15m,333,453,0.30022075055187636,0.6927664631192073,-0.10195473244651836,47.2646137982727,-9.9494735877079,-46.185493798272816,10,,,0.6,,0.009,0.004,36
donchian_breakout,15m,334,573,0.36300174520069806,0.6920690530310967,-0.09918652056539244,59.77263144054035,-10.998275594207554,-56.83387628396987,5,,,0.4,,0.012,0.006,12
donchian_breakout,15m,335,437,0.4668192219679634,0.6918009766406413,-0.10648191537630547,48.597927022724626,-11.577227910609736,-46.53259701944549,8,,,1.0,,0.006,0.006,36
donchian_breakout,15m,336,455,0.3384615384615385,0.6909281821334792,-0.08860993877280426,40.65732214162593,-3.9190897775369584,-40.31752214162594,10,,,0.8,,0.009,0.004,12
donchian_breakout,15m,337,445,0.3797752808988764,0.6905569453859903,-0.11904622129590738,54.58211942507948,-17.382521485272896,-52.97556847667878,10,,,0.4,,0.009,0.006,24
donchian_breakout,15m,338,413,0.33171912832929784,0.6902840770647148,-0.1342758633402294,56.575451559514704,-22.424901520122788,-55.45593155951474,10,,,0.4,,0.012,0.006,36
donchian_breakout,15m,339,444,0.38513513513513514,0.6902727056307304,-0.10111672006818355,45.7154637102735,-9.379575540489693,-44.8958237102735,10,,,0.8,,0.009,0.006,12
donchian_breakout,15m,340,443,0.3182844243792325,0.6896338394177741,-0.09201738147155467,41.00929166256301,-5.3258303240283285,-40.76369999189872,10,,,0.8,,0.012,0.004,12
donchian_breakout,15m,341,566,0.31802120141342755,0.6894991932090452,-0.0893173761802069,51.76850271295343,-5.275745216083531,-50.5536349179971,5,,,0.6,,0.012,0.004,12
donchian_breakout,15m,342,405,0.4271604938271605,0.6889483680548093,-0.10710900539659952,44.85255853572193,-10.98354060186355,-43.379147185622806,10,,,1.0,,0.009,0.008,12
donchian_breakout,15m,343,491,0.3625254582484725,0.6887812433444341,-0.10523812043257152,53.79444981162813,-12.396875882745718,-51.67191713239262,3,,,1.0,,0.012,0.006,12
donchian_breakout,15m,344,436,0.3830275229357798,0.6876730291522696,-0.10126233522978728,45.10940851670433,-9.274087795305373,-44.15037816018725,8,,,1.0,,0.009,0.006,12
donchian_breakout,15m,345,472,0.3199152542372881,0.6876394398280392,-0.09122528933352478,43.30257977491025,-5.300456748122942,-43.058336565423694,8,,,0.8,,0.012,0.004,12
donchian_breakout,15m,346,439,0.3735763097949886,0.687496105045835,-0.12720822810166935,56.94381213663271,-20.73270521872034,-55.84441213663285,10,,,0.4,,0.009,0.006,36
donchian_breakout,15m,347,569,0.39015817223198596,0.6874559344287726,-0.08265667161709105,47.07021768894714,-1.512251050545024,-47.03164615012481,5,,,0.8,,0.006,0.004,12
donchian_breakout,15m,348,502,0.3565737051792829,0.6874283097415671,-0.10301403479303399,53.25586809154201,-11.55766853351647,-51.71304546610306,5,,,0.8,,0.012,0.006,12
donchian_breakout,15m,349,468,0.38675213675213677,0.6873496267355245,-0.09107237436180969,42.66179120132696,-5.183944779238628,-42.62187120132693,10,,,0.8,,0.006,0.004,36
donchian_breakout,15m,350,634,0.3832807570977918,0.6868048125185099,-0.08831860811437903,57.74680901575471,-5.276107987711394,-55.993997544516304,5,,,0.4,,0.006,0.004,24
donchian_breakout,15m,351,479,0.38413361169102295,0.6859973341515644,-0.10189568425237934,49.62767275688969,-10.492229648749205,-48.8080327568897,10,,,0.4,,0.009,0.006,12
donchian_breakout,15m,352,485,0.44742268041237115,0.685932376613984,-0.0941430933574711,46.698920278373535,-6.862145136428067,-45.65940027837349,10,,,0.6,,0.006,0.006,12
donchian_breakout,15m,353,523,0.3862332695984704,0.6859016933402244,-0.0912148151491202,48.744868322989845,-5.867695401150331,-47.70534832298987,8,,,0.6,,0.006,0.004,36
donchian_breakout,15m,354,449,0.46770601336302897,0.6857062092054671,-0.10714970383421772,49.14973702156373,-12.195095059587597,-48.110217021563756,10,,,0.8,,0.006,0.006,24
donchian_breakout,15m,355,397,0.2594458438287154,0.6854645684855138,-0.10972743766909783,46.28035275463184,-11.806515360776148,-43.56179275463184,8,,,1.0,,0.012,0.004,36
donchian_breakout,15m,356,528,0.38636363636363635,0.6849574183080767,-0.08930889781207721,48.19461804477679,-4.917064870725057,-47.155098044776764,8,,,0.6,,0.006,0.004,24
donchian_breakout,15m,357,545,0.3853211009174312,0.6848777103921863,-0.09107774869978115,50.6768930413807,-6.039788956963514,-49.63737304138073,8,,,0.4,,0.006,0.004,36
donchian_breakout,15m,358,491,0.3340122199592668,0.6839599744386884,-0.09002815276178669,44.54362300603723,-4.925793323366609,-44.20382300603726,10,,,0.4,,0.009,0.004,12
donchian_breakout,15m,359,469,0.4626865671641791,0.6837090026312416,-0.11019911013261041,53.94847265547336,-14.169050272303204,-51.68338265219428,5,,,1.0,,0.006,0.006,36
donchian_breakout,15m,360,629,0.3847376788553259,0.6834447635387382,-0.09168732171346636,59.989085357770264,-7.354267064596181,-57.67132535777034,5,,,0.4,,0.006,0.004,36
donchian_breakout,15m,361,445,0.46741573033707867,0.6833629069847802,-0.11145765657494973,50.74470717913174,-14.004258879404397,-49.59865717585263,10,,,0.8,,0.006,0.006,36
donchian_breakout,15m,362,526,0.3193916349809886,0.6832697378785274,-0.09190852450805265,48.55210942344061,-6.266390447414658,-48.34388389123569,5,,,0.8,,0.012,0.004,12
donchian_breakout,15m,363,471,0.3885350318471338,0.6831071013686518,-0.09067426585949144,42.74749921982048,-5.029591056242967,-42.70757921982047,10,,,0.8,,0.006,0.004,24
donchian_breakout,15m,364,505,0.36633663366336633,0.681009171517731,-0.10413591310391639,54.16747642019829,-12.193513522886931,-52.588636117477776,8,,,0.4,,0.012,0.006,12
donchian_breakout,15m,365,551,0.38475499092558985,0.6809560912825724,-0.0903150496629263,50.80311236427236,-5.685866710956775,-49.76359236427239,8,,,0.4,,0.006,0.004,24
donchian_breakout,15m,366,503,0.4592445328031809,0.6806350577405321,-0.11100533123623724,58.660291615106374,-15.601922380779648,-55.83568161182733,3,,,1.0,,0.006,0.006,36
donchian_breakout,15m,367,373,0.34584450402144773,0.6804978472890074,-0.13160517448150955,51.261027489842924,-19.256432654664923,-49.08873008160306,10,,,1.0,,0.012,0.006,24
donchian_breakout,15m,368,478,0.39330543933054396,0.6802546001226967,-0.08556596540841321,40.94045146522157,-2.6615961036629834,-40.90053146522152,10,,,0.8,,0.006,0.004,12
donchian_breakout,15m,369,629,0.39268680445151033,0.6800692986736265,-0.08438980619916071,54.11935963809444,-2.7622930164786874,-53.08118809927209,3,,,0.8,,0.006,0.004,12
donchian_breakout,15m,370,759,0.38603425559947296,0.6796510947308554,-0.08275437666863746,65.7173858033477,-2.0914084548777834,-62.81057189149583,3,,,0.4,,0.006,0.004,12
donchian_breakout,15m,371,513,0.46393762183235865,0.6795398842477804,-0.10812589310101846,57.55841282001108,-14.43435690358391,-55.46858316082247,3,,,1.0,,0.006,0.006,24
donchian_breakout,15m,372,602,0.31727574750830567,0.6789781408255737,-0.0920490730344442,55.61837141541765,-7.25644454455323,-55.41354196673541,5,,,0.4,,0.012,0.004,12
donchian_breakout,15m,373,416,0.3918269230769231,0.678786946739986,-0.11495800915788641,50.06108216619787,-14.548351150140805,-47.82253180968075,8,,,1.0,,0.012,0.008,12
donchian_breakout,15m,374,503,0.441351888667992,0.6787229600328026,-0.09562631450318468,49.13955619510189,-7.863181467688975,-48.10003619510189,10,,,0.4,,0.006,0.006,12
donchian_breakout,15m,375,397,0.3979848866498741,0.6785309967122128,-0.11591095129991606,48.2565464837615,-14.262352607109522,-46.016647666066675,10,,,1.0,,0.012,0.008,12
donchian_breakout,15m,376,565,0.3911504424778761,0.6778788104785232,-0.08423077103349622,47.62895717274766,-2.3913421707936813,-47.59038563392536,8,,,0.4,,0.006,0.004,12
donchian_breakout,15m,377,612,0.3839869281045752,0.677130142593315,-0.08532343768320506,52.25651540094378,-3.2592475611459593,-52.2179438621215,5,,,0.6,,0.006,0.004,12
donchian_breakout,15m,378,537,0.441340782122905,0.677025945575736,-0.09679681026652748,53.018058651947555,-9.023496511729952,-51.97988711312526,3,,,1.0,,0.006,0.006,12
donchian_breakout,15m,379,540,0.3907407407407407,0.6767749757129752,-0.08548989965144152,46.20311735060073,-2.9657321046202743,-46.164545811778424,8,,,0.6,,0.006,0.004,12
donchian_breakout,15m,380,472,0.2966101694915254,0.6762141843845068,-0.10558628161350836,50.91584492157581,-12.081557544593782,-49.83672492157594,10,,,0.4,,0.009,0.004,24
donchian_breakout,15m,381,545,0.3853211009174312,0.6757500791725983,-0.0928429855889772,51.758707145992574,-7.002228037207462,-50.59942714599258,3,,,1.0,,0.006,0.004,24
donchian_breakout,15m,382,471,0.39065817409766457,0.6755341185976351,-0.08645073770970746,40.756869000094554,-3.03951326657885,-40.718297461272215,8,,,1.0,,0.006,0.004,12
donchian_breakout,15m,383,468,0.46153846153846156,0.6754224715352884,-0.11064644706795804,52.82205722780432,-14.348276538419737,-51.78253722780436,10,,,0.6,,0.006,0.006,24
donchian_breakout,15m,384,463,0.3174946004319654,0.6751426500733136,-0.09632728346818449,44.84512391643366,-7.562557268676887,-44.59953224576942,10,,,0.6,,0.012,0.004,12
donchian_breakout,15m,385,432,0.35648148148148145,0.6751308950917121,-0.1109807702508511,49.523881512265916,-13.389048367714757,-47.943692748367674,10,,,0.8,,0.012,0.006,12
donchian_breakout,15m,386,455,0.35604395604395606,0.6749938814655929,-0.11009212717074444,52.214450541924215,-13.697396821417291,-50.091917862688724,5,,,1.0,,0.012,0.006,12
donchian_breakout,15m,387,541,0.3807763401109057,0.6743280448214195,-0.0952493720865802,52.689190298839904,-8.253211583473275,-51.52991029883989,3,,,1.0,,0.006,0.004,36
donchian_breakout,15m,388,439,0.44646924829157175,0.6740682454108765,-0.0989637760144127,44.4846176703272,-8.328429041943952,-43.44509767032717,10,,,1.0,,0.006,0.006,12
donchian_breakout,15m,389,521,0.32245681381957775,0.6728193351370988,-0.0942890379812993,49.216856963674964,-7.447567815383086,-49.124588788256936,8,,,0.4,,0.012,0.004,12
donchian_breakout,15m,390,559,0.3881932021466905,0.6728090930181096,-0.08747227768914564,49.93517476705475,-4.178674698111663,-48.897003228232414,3,,,1.0,,0.006,0.004,12
donchian_breakout,15m,391,450,0.3333333333333333,0.6722738046855146,-0.09429773422259283,43.13482713994756,-6.436555022175644,-42.433980400166774,8,,,1.0,,0.009,0.004,12
donchian_breakout,15m,392,484,0.45867768595041325,0.6719431805968996,-0.1107749802540993,54.65461044298404,-14.901050863329402,-53.61509044298406,10,,,0.4,,0.006,0.006,24
donchian_breakout,15m,393,402,0.32587064676616917,0.6715790253059112,-0.14369303160946728,58.88411870700581,-25.614844644863794,-57.76459870700585,10,,,0.6,,0.012,0.006,36
donchian_breakout,15m,394,489,0.3824130879345603,0.6714569627357777,-0.09643743921352071,47.19782777541161,-8.041124225101676,-47.15790777541163,10,,,0.6,,0.006,0.004,36
donchian_breakout,15m,395,476,0.4642857142857143,0.6712941913016879,-0.11579899682398631,56.26637249149662,-17.047141344755385,-55.12032248821748,10,,,0.4,,0.006,0.006,36
donchian_breakout,15m,396,415,0.3855421686746988,0.671170332422503,-0.10865408263416723,46.0518231108742,-11.896202774289119,-45.0914442931794,10,,,1.0,,0.009,0.006,12
donchian_breakout,15m,397,438,0.317351598173516,0.6710228003027645,-0.09723683286057704,43.31381600241929,-7.552753894490536,-42.58973279293274,8,,,1.0,,0.012,0.004,12
donchian_breakout,15m,398,459,0.355119825708061,0.6710047243807342,-0.11062219517620372,52.35442788859804,-14.061212070705793,-50.77558758587751,8,,,0.8,,0.012,0.006,12
donchian_breakout,15m,399,462,0.46320346320346323,0.6707258262706663,-0.11658801453456032,55.00971271824597,-16.91042688572116,-53.863662714966864,10,,,0.6,,0.006,0.006,36
donchian_breakout,15m,400,469,0.2942430703624733,0.6704697557833744,-0.11022754014339003,52.775836327249806,-14.182389282963106,-51.69671632724992,10,,,0.4,,0.009,0.004,36
donchian_breakout,15m,401,500,0.32,0.670268138467414,-0.09640583941105615,48.29518788094613,-8.206202186402633,-48.202919705528075,8,,,0.6,,0.012,0.004,12
donchian_breakout,15m,402,450,0.36,0.6702356845311421,-0.11274369345285973,52.31485081768514,-14.740558277097717,-50.73466205378688,10,,,0.6,,0.012,0.006,12
donchian_breakout,15m,403,423,0.46335697399527187,0.6700206129733297,-0.11270042561092125,48.71180003341968,-13.83781515948349,-47.67228003341969,10,,,1.0,,0.006,0.006,24
donchian_breakout,15m,404,489,0.3292433537832311,0.669441966385284,-0.09586760619433711,47.54408849153,-7.762364374780755,-46.879259429030846,5,,,1.0,,0.009,0.004,12
donchian_breakout,15m,405,420,0.46190476190476193,0.6689239721285425,-0.1169610875011105,50.26970675374556,-15.529868697945593,-49.12365675046641,10,,,1.0,,0.006,0.006,36
donchian_breakout,15m,406,485,0.3628865979381443,0.6686785284858933,-0.11093767880620985,55.38361452373231,-15.010778532424743,-53.804774221011776,8,,,0.6,,0.012,0.006,12
donchian_breakout,15m,407,493,0.3813387423935091,0.6678918773010272,-0.09547670151545044,47.10993384711705,-7.63306707394665,-47.07001384711707,10,,,0.6,,0.006,0.004,24
donchian_breakout,15m,408,425,0.35764705882352943,0.6678494674290045,-0.11275447010963194,50.07920015311068,-13.926220284707453,-47.92064979659357,8,,,1.0,,0.012,0.006,12
donchian_breakout,15m,409,479,0.31315240083507306,0.6670836425665415,-0.09801016484571166,47.19246063176014,-8.630321089531702,-46.94686896109589,10,,,0.4,,0.012,0.004,12
donchian_breakout,15m,410,474,0.3143459915611814,0.6669007310029802,-0.09854653228226967,47.399121834000745,-8.794574131448396,-46.71105630179582,5,,,1.0,,0.012,0.004,12
donchian_breakout,15m,411,396,0.26262626262626265,0.6662269091054249,-0.1144271332042305,47.3238688670911,-13.638600188950853,-45.313144748875274,10,,,1.0,,0.012,0.004,24
donchian_breakout,15m,412,503,0.3817097415506958,0.6658763249685401,-0.09621226340715906,49.55404849380102,-8.158031706483607,-48.39476849380101,5,,,1.0,,0.006,0.004,24
donchian_breakout,15m,413,466,0.3562231759656652,0.6656537463547706,-0.11309638107056928,54.28310234278355,-15.429085212970476,-52.70291357888529,10,,,0.4,,0.012,0.006,12
donchian_breakout,15m,414,655,0.3801526717557252,0.6646519651627112,-0.08846756303433645,57.98482532631266,-5.548473176761081,-57.94625378749038,5,,,0.4,,0.006,0.004,12
donchian_breakout,15m,415,500,0.39,0.6641324148099077,-0.09064294387589794,45.36139193794902,-5.323601378500372,-45.32147193794897,10,,,0.6,,0.006,0.004,12
donchian_breakout,15m,416,366,0.3251366120218579,0.6631474257073995,-0.14772014418225912,55.58461277070682,-24.795490967093684,-54.065572770706844,10,,,1.0,,0.012,0.006,36
donchian_breakout,15m,417,513,0.3840155945419103,0.6620617913334461,-0.09115138913972233,46.799234167499904,-5.722951809401318,-46.76066262867756,5,,,1.0,,0.006,0.004,12
donchian_breakout,15m,418,413,0.2929782082324455,0.6619211768279981,-0.11153747203110657,47.62393594884689,-13.030188024056635,-46.064975948847014,10,,,1.0,,0.009,0.004,24
donchian_breakout,15m,419,505,0.3801980198019802,0.6605334146278975,-0.09992416869301364,50.50162518997185,-10.065731482564912,-50.46170518997189,10,,,0.4,,0.006,0.004,36
donchian_breakout,15m,420,410,0.29024390243902437,0.6581916006478321,-0.11530767799886424,48.8351079795342,-14.48194075583667,-47.276147979534336,10,,,1.0,,0.009,0.004,36
donchian_breakout,15m,421,517,0.3849129593810445,0.6580775117421609,-0.09170793046954605,47.4529200527553,-6.055422221643971,-47.41300005275531,10,,,0.4,,0.006,0.004,12
donchian_breakout,15m,422,501,0.37524950099800397,0.6577353320217052,-0.10110398014412861,51.812374052208426,-10.577324982201311,-50.65309405220843,5,,,1.0,,0.006,0.004,36
donchian_breakout,15m,423,463,0.3779697624190065,0.65575441874106,-0.0996082590560481,47.15814394295026,-9.082256845688546,-46.11862394295027,8,,,1.0,,0.006,0.004,24
donchian_breakout,15m,424,509,0.37721021611001965,0.6555057544879099,-0.09940050869373057,50.634778925108805,-9.878810449288576,-50.59485892510886,10,,,0.4,,0.006,0.004,24
donchian_breakout,15m,425,419,0.31026252983293556,0.6524445143539697,-0.10486537739721594,44.664024800097735,-10.422762234327205,-43.93859312943348,10,,,1.0,,0.012,0.004,12
donchian_breakout,15m,426,461,0.37310195227765725,0.6521431299092687,-0.10300709706920867,48.52579174890519,-10.610515955287314,-47.486271748905196,8,,,1.0,,0.006,0.004,36
donchian_breakout,15m,427,428,0.3294392523364486,0.6505003580349794,-0.10239559477452533,44.52750976445532,-9.589150223586277,-43.82531456349684,10,,,1.0,,0.009,0.004,12
donchian_breakout,15m,428,408,0.3553921568627451,0.6503097217033942,-0.12103248555583614,51.541152924475966,-16.747953288096376,-49.38125410678114,10,,,1.0,,0.012,0.006,12
donchian_breakout,15m,429,449,0.38530066815144765,0.64648061165685,-0.09683594583714591,43.51925968087855,-7.562364626729211,-43.47933968087852,10,,,1.0,,0.006,0.004,12
donchian_breakout,15m,430,388,0.25,0.6445791045831454,-0.1259806210828638,50.47952098015115,-17.847620028162414,-48.88048098015115,10,,,1.0,,0.012,0.004,36
donchian_breakout,15m,431,444,0.36711711711711714,0.6242882103521682,-0.11124006894594009,49.43051061199736,-13.876141068424769,-49.390590611997396,10,,,1.0,,0.006,0.004,24
donchian_breakout,15m,432,442,0.36425339366515835,0.6242804154481851,-0.11343445973150892,50.177951201326934,-14.783944779238643,-50.138031201326946,10,,,1.0,,0.006,0.004,36
